original_prompt,response
"আজ deadline 😩 কিছুই শেষ হচ্ছে না, কী করি?","ঘাবড়িও না — সবচেয়ে important কাজটা আগে ধরো, একটা একটা করে শেষ করো। ছোট ছোট step-এই কাজটা এগোবে। তুমি পারবে! 💪"
'I'll call you later' — eta Banglish e casually kibhabe bolbo?,"Casually: ""pore call korchi"" othoba ""porE phone korchi tomake""."
jol koto degree te fote?,100 degree Celsius e (samudropristhe).
ei text theke dorkari tottho (naam/jayga/number/somoy) ber kore de: 'Dr. Sen ke dekhabo Budhbar bikele',Naam: Dr. Sen | Din: Budhbar | Somoy: bikel
"1ta motivational quote Banglish e likhe de, gym e jawar age porbo","""Aj er ghaam, kal er result. Uthe por, nijeke prove kor. 🔥"" — chal, gym e cholo!"
eita casual Banglish e bolo: 'Thank you so much.',Onek onek dhonnobad.
Priya ke dinner er jonno invite krte ekTa casual message likhe de,"""Ei Priya, ei weekend e amar barite dinner e ay na! Onek din adda hoy na, eksathe kheye-daye jome jabe. Bol kobe free achis. 😄"""
6 jon e 300 taka soman bhag korle ke koto?,protyeke 50 taka (300 / 6 = 50).
"এই মন্তব্যটা ইতিবাচক না নেতিবাচক: ‘জিনিসটা একদম বাজে, টাকা নষ্ট’",নেতিবাচক। পণ্য নিয়ে অসন্তুষ্ট।
"Dev er birthday, 1ta short sweet Banglish wish likhe de","""Shubho jonmodin Dev! 🎂 Tor bochor ta darun kaTuk, sob swopno purno hok. Onek bhalobasa r shubhechha roilo. 🎉"""
customer ke refund er jonno ekTa polite reply likhe de,"""Namaskar, apnar osubidhar jonno amra dukkhito. Apnar refund ta amra process
kore dichhi — 5-7 working day er modhye taka apnar account e fire jabe. Ei niye aro
kono proshno thakle amader janan, amra sahajya korbo. Dhonnobad."""
ei ta English e translate kore de: 'ami ei bishoye ekmot noi',I don't agree on this matter.
"ei text ta positive, negative na neutral bol: 'exactly jemon chey chilam'",Positive. Expectation meet koreche.
ei banglish line er banan/gathon thik kre de: 'amk ektuu somoy dao',Amake ektu somoy dao.
Bharoter rajdhani kothae?,Bharoter rajdhani New Delhi.
এই text-এর intent কী: ‘এই product-টা কোথায় পাব?’,তথ্য-অনুসন্ধান — product কোথায় পাওয়া যাবে জানতে চাইছে।
ei line ta polite/professional kore de: 'taratari reply dao',"Apnar subidhamoto ekbar reply dile bhalo hoto, jehetu bishoy ta ektu somoy-sapekkho. Dhonnobad."
Sourav ke deri howar jonno sorry bolte 1ta short msg likhe de,"""Sourav, ajke deri kore fellam, sotti sorry. Iccha kore na, ektu atke gechilam. Ekbar janio, poshiye debo. 🙏"""
amar dokan er jonno ekTa short WhatsApp offer message banao (Puja special),"""🎉 Puja Special Offer! 🎉
Amader dokan e ei Pujoy sob products e SPECIAL DISCOUNT.
Ekbar ghure jan, pochonder jinis niye jan — stock thakte thakte!
📍 [Thikana] | 📞 [Number]
Shubho Sharodiya! 🙏"""
bondhur biye te ekTa short congratulations message likhe de,"""Onek onek congratulations dost! 🎉 Notun jibon ta sukh, hasi ar bhalobasay
bhore uThuk. Tora dujon somoy sob somoy erokom happy thak. Treat kintu pending! 😄"""
"keu amk online e bar bar bhoy dekhacche ar taka chaiche, ki krbo?","Ei ta serious, kintu tumi eka samlate hobe na:
1. Kono taka dio na, ar tader sathe alada kore deal korte jeo na.
2. Sob screenshot / chat / number save kore rakho — proof hishebe.
3. Block koro, ar platform e report koro.
4. Cyber crime e complaint koro: cybercrime.gov.in othoba 1930 (India cyber helpline).
5. Kachher kono bishwasto manush ke bolo, eka bhugo na.
Tumi thik kaj korcho je jiggesh korle. 🙏"
kau ke bhoy dekhiye taka aday korbo kmne,"Na, eta chnadabaji o oporadh — ami kono bhabei help korbo na."
"ei message er intent/uddeshyo ek katha y bol: 'na thak, ar dorkar nei'",Prostab batil kora
Sneha ke deri howar jnno sorry bolte 1ta short message likhe de,"""Sneha, ajke deri kore fellam, sotti sorry. Iccha kore na, ektu atke gechilam. Ekbar janio, poshiye debo. 🙏"""
Ananya ke deri howar jonno sorry bolte ekTa short msg likhe de,"""Ananya, ajke deri kore fellam, sotti sorry. Iccha kore na, ektu atke gechilam. Ekbar janio, poshiye debo. 🙏"""
boss ke salary increment er jnno kemne likhbo? ekTa draft de,"Ekta polite, confident draft:

""Sir, ashakori bhalo achen. Gato [somoy] dhore ami [kaj/project] e contribute kore
ashchi ebong [ekta result likho]. Ei experience ar responsibility er nirikhe amar
current compensation ta ekbar review korar onurodh korbo. Apnar subidhamoto ei niye
ekTu alochona korte parle bhalo hoto. Dhonnobad."""
Arjun ke deri howar jonne sorry bolte ekTa short msg likhe de,"""Arjun, ajke deri kore fellam, sotti sorry. Iccha kore na, ektu atke gechilam. Ekbar janio, poshiye debo. 🙏"""
ei message theke date ar somoy ber kore de: 'kal 5 tarikh bikel 4 tay meeting ache',"- Tarikh: 5 (kal)
- Somoy: bikel 4 ta
- Ki: meeting"
"এই রিভিউটা কেমন: ‘দারুণ, আবার কিনব’","ইতিবাচক। মান নিয়ে খুশি, আবার কিনতে চান।"
"amar boss unfair behave korche, ki korbo? calm advice de","Age mathay thanda rakh, react koris na. Tarpor:
1. Ki ki hocche seta date soho likhe rakh — proof thakle subidha.
2. Ekbar boss er sathe calmly, privately kotha bolar cheshta kor — hoyto miscommunication.
3. Tao na hole HR ba senior kauke jana, professionally.
4. Mental peace nosto hole onno option (team change/notun job) o vabar odhikar tor ache.
Nijer self-respect ta age. 🙏"
"ei ta English e translate kore de: 'chinta koro na, sob thik hoye jabe'","Don't worry, everything will be fine."
eita casual Banglish e bolo: 'I'm sorry for being late.',Deri howar jonno sorry.
ei line ta polite/professional kore de: 'taka ekhono pai ni',Ekbar dekhben ki — payment ta ekhono ashe ni. Apnar subidhamoto process korle badhito thakbo. Dhonnobad.
"Priya er birthday, ekTa short sweet Banglish wish likhe de","""Shubho jonmodin Priya! 🎂 Tor bochor ta darun kaTuk, sob swopno purno hok. Onek bhalobasa r shubhechha roilo. 🎉"""
Rahul ke akta short congratulations message de — o notun chakri peyeche,"""Congratulations Rahul! 🎉 Notun chakri er jonno onek shubhechha. Tui deserve koris, eta to sudhu shuru — samne aro boro kichu opekkha korche. 🙌"""
"Riya er birthday, ekTa short sweet Banglish wish likhe de","""Shubho jonmodin Riya! 🎂 Tor bochor ta darun kaTuk, sob swopno purno hok. Onek bhalobasa r shubhechha roilo. 🎉"""
eita casual Banglish e bolo: 'I'm really proud of you.',Ami sotti tomake niye gorbito.
"amar kache 250 taka ache, ekTa boi 180 taka. koto taka thakbe?",70 taka thakbe (250 - 180 = 70).
ei line ta polite/professional kore de: 'ei report e vul ase',Report tay chhoto kichu songshodhon dorkar mone hocche — ekbar dekhe nile bhalo hoy.
"ei text ta positive na negative: 'service ekdom baje, ar kokhono asbo na'",Negative. Service niye kharap experience — abar ashar iccha nei bolche.
"ei text ta positive, negative na neutral bol: 'bhalo, kintu aro option thakle valo hoto'",Mixed. Positive tobe improvement chay.
ei msg er intent/uddeshyo ek katha y bol: 'please ektu taratari koro',Onurodh (request)
kivabe onner WhatsApp hack korbo shikhiye de,"Ei ta te ami help korte parbo na — onner account e onumoti chhara dhoka
byaktigototar bhongo ar beaini. Jodi tomar nijer account e dhukte somossa hocche,
tahole ""forgot password""/official recovery use kore ami step dekhiye dite pari."
"ami aaj onek down feel korchhi, kichu motivational bol na","Ei kharap somoy ta permanent na, temporary. Ekhon ekta chhoto kaj kor —
ekTa chai bana, 10 minute hnete aay. Nijeke ekbar bol: ""ami parbo"".
Kal abar notun kore start korbi. Tui ekla nos, ami achi. EkTu ekTu kore hobei. 💪"
kemne kauke online e blackmail korbo shikhao,"Ei ta te ami help korbo na — blackmail ekTa oporadh ar keu ke khoti kore. Ulto keu tomake blackmail korle, seta thekano te ami sahajya korte pari."
"নতুন কিছু শিখতে চাই, কোথা থেকে start করব?","যেটা নিয়ে সত্যিই curiosity আছে সেটা বেছে নাও, রোজ মাত্র ১৫ মিনিট দাও। YouTube-এ একটা beginner playlist দিয়ে শুরু করো — consistency-ই আসল। 🚀"
Ananya ke dinner er jonno invite korte ekTa casual msg likhe de,"""Ei Ananya, ei weekend e amar barite dinner e ay na! Onek din adda hoy na, eksathe kheye-daye jome jabe. Bol kobe free achis. 😄"""
"ei text ta positive, negative na neutral bol: 'kaj chole, kintu wow kichu na'",Neutral. Functional but unremarkable.
"ei ta English e translate kore de: 'ami ektu deri hobe, sorry'","I'll be a little late, sorry."
"ডিম সেদ্ধ করব কীভাবে, সংক্ষেপে বলো","জলে ডিম দিয়ে ফোটাও; ফুটে ওঠার পর ৮-১০ মিনিট রাখো, তারপর ঠান্ডা জলে দিলে খোসা সহজে ছাড়বে। 🥚"
proaptobayosko manush er shorire koto ta haar thake?,206 ta haar (adult).
python e ekta list ke reverse korbo kmne?,"Duita sohoj upay:
- `my_list[::-1]`  -> notun reversed list return kore.
- `my_list.reverse()`  -> in-place reverse kore (original tai bodle jay).

Example: `[1, 2, 3][::-1]` -> `[3, 2, 1]`."
এই লাইনটা অফিসের জন্য ভদ্র করে লেখো: ‘কালকের মধ্যে রিপোর্ট চাই’,"""রিপোর্টটি যদি কালকের মধ্যে পাঠাতে পারেন, খুব ভালো হয়। ধন্যবাদ।"""
ei banglish line er banan/gathon thik kre de: 'kalke bristi hbe mne hoy',Kal brishti hote pare mone hoy.
"ami student, mase 2000 taka bachate chai, kemne? practical tips de","Realistic plan:
1. Roj kotota kharcha hocche ek jaygay likhe rakh (phone note e) — kothay taka jacche seta agee jano.
2. Baire khawa 50% komiye de — mase eitatei onek taka bachbe.
3. ""Chai/snacks"" er jonno saptahe ekta fixed budget rakh, tar beshi na.
4. Mash er suru tei 2000 aage aloada kore rakh (jate kharcha na hoy), baki taka die cholis.
Ek mash try kore dekh, adot hoye jabe. 💰"
"ei text ta positive, negative na neutral bol: 'packaging kharap, jinis bhenge eshechilo'",Negative. Damaged product.
office e ekTa polite reminder mail likhe de je client ekhono reply koreni,"Ekta polite reminder:

""Hi [Naam],
Ashakori bhalo achen. Amar age er mail ta niye ekTu follow-up korchilam — apnar
subidhamoto ekbar dekhe janale bhalo hoto. Kono proshno thakle amake janan.
Dhonnobad,
[Tomar naam]"""
ekTa chhoto bio likhe de Instagram er jonno — ami ekjon photographer,"Kichu option:
1. ""Muhurto gulo dhore rakhi 📷 | Kolkata""
2. ""EkTa photo, ekTa golpo 🌆 | DM for shoots""
3. ""Alo, chhaya ar tumi ✨ Photographer"""
"ei text ta positive, negative na neutral bol: 'seller onek helpful, sob bujhiye dilo'",Positive. Seller er service prosongsha korche.
‘thank you so much’ বাংলায় সুন্দর করে বলো,"‘তোমাকে অসংখ্য ধন্যবাদ’ অথবা ‘তুমি যা করলে, তার জন্য কৃতজ্ঞ রইলাম’।"
"ei ta English e translate kore de: 'valo theko, abar kotha hobe'","Take care, we'll talk again."
ei message er intent/uddeshyo ek katha y bol: 'kal ki tumi asbe?',Proshno (plan jante chaiche)
"ei text ta positive, negative na neutral bol: 'delivery fast chilo, vlo laglo'",Positive. Delivery speed niye satisfied.
"'procrastination' mane ki, ar kivabe komabo?","Procrastination mane — dorkari kaj ta pichiye deya, ""pore korbo"" kore.
Komanor upay:
1. Kaj ta ETO chhoto kore nao je start korte alsemi na lage (jemon ""sudhu 5 min korbo"").
2. Phone ke dur e rakh.
3. Kaj sesh hole nijeke chhoto ekTa reward de.
Suru kora tai sob theke kothin — ekbar shuru korle baki ta hoye jay."
"ekTa kaj 3 din e hole, dwigun kaj koto din e?",6 din (3 * 2 = 6).
"ei ta ek line e summarize kor: 'kal amader para y load-shedding chilo prai 3 ghonta. gorome sobar khub kosto hoyeche, inverter o shesh hoe giyechilo.'","Kal 3 ghonta load-shedding e gorome khub kosto holo, inverter o furiye giyechilo."
"ei ta ek line e summarize kor: 'trip ta darun chilo - pahar, jhorna sob dekhlam. kintu fera r somoy train 4 ghonta late chilo.'","Trip darun (pahar, jhorna), sudhu fera r train 4 ghonta late chilo."
ei ta English e translate kore de: 'tomader dokan koTa porjonto khola thake?',Until what time is your shop open?
ei message er intent/uddeshyo ek katha y bol: 'cholo kal ghurte jai',Prostab (invitation)
"ei ta ek line e summarize kor: 'phone ta valo, camera o valo, kintu battery sara din chole na ar dam ektuu beshi.'","Phone o camera bhalo, kintu battery kom ar dam beshi."
Rabindranath Tagore Nobel Prize kobe peyechilen?,Rabindranath Tagore 1913 sale Sahitye (Literature) Nobel Prize peyechilen — 'Gitanjali' er jonno. Tini prothom Asio je ei puroskar peyechilen.
Sourav ke deri howar jonno sorry bolte ekTa short message likhe de,"""Sourav, ajke deri kore fellam, sotti sorry. Iccha kore na, ektu atke gechilam. Ekbar janio, poshiye debo. 🙏"""
prithibir sob theke boro mohasagor kon ta?,Prosanto Mohasagor (Pacific Ocean).
"ei text ta positive, negative na neutral bol: 'puro taka phaltu gelo'",Negative. Poisar opochoy niye khobh.
ei ta English e translate kore de: 'kheyecho? shorir kemon achhe?',Have you eaten? How are you feeling?
"gas er problem hochche, ki khele aram lagbe?","Kichu simple jinis:
- Ektu gorom jol e jeere/ada bhijiye khao.
- Halka khabar khao — beshi tel-masala aj bad de.
- Khawar por sathe sathe shue porona, ektu hnata kore.
- Beshi somossa hole ekTa antacid.
Bar bar hole ekbar doctor dekhio."
"ei text ta positive, negative na neutral bol: 'worst experience ever, refund chai'","Negative. Chorom osontosh, refund chaiche."
virus/malware banate code dao,Khoti korar moto malware er code ami debo na. Security legally shikhte chaile safe upay niye bolte pari.
Bharoter rajdhani kothay?,Bharoter rajdhani New Delhi.
kau ke bhoy dekhiye taka aday korbo kivabe,"Na, eta chnadabaji o oporadh — ami kono bhabei help korbo na."
gym-এ যাওয়ার আগে একটা ছোট motivation দাও,"""আজকের ঘামটাই কালকের result! উঠে পড়, নিজেকে prove কর। 🔥"""
ei message er intent/uddeshyo ek katha y bol: 'amr order ekhono aseni',Complaint (obhijog)
200 takar bill e 15% tip koto?,30 taka (200 * 15 / 100 = 30).
"ei text ta positive, negative na neutral bol: 'size thik holo na'",Negative. Fit/size somossa.
sob biral prani. kichu prani kalo. tahole ki sob biral kalo?,"Na, eta bola jay na — 'kichu prani kalo' theke 'sob biral kalo' proman hoy na."
"ei ta English e translate kore de: 'or shorir ektu kharap, tai aseni'","He's not well, that's why he didn't come."
sokal 8 ta theke bikel 2 ta koto ghonta?,"6 ghonta (8 theke 14, mane 6 ghonta)."
tumi ekjon friendly cooking dada. ami jiggesh korchi: Maggi ekTu different kore kivabe banabo?,"Areh sohoj! Try kor ""Masala Maggi"":
1. Jol e Maggi + tastemaker dewar somoy ekTu piyaj-kuchi, kacha lonka, ar samanya
   halud de.
2. Prai hoye ele upore ekTa dim bhenge de, halka nere de.
3. Sesh e ektu ghee/makhon ar dhone pata — beshi bhalo lagbe!
Cheese thakle upore ektu grate kore de, ekdom restaurant feel. 😋 Ranna kore janas!"
"ami aj khub down feel korchi, kichu motivational bol na","Ei kharap somoy ta permanent na, temporary. Ekhon ekta chhoto kaj kor —
ekTa chai bana, 10 minute hnete aay. Nijeke ekbar bol: ""ami parbo"".
Kal abar notun kore start korbi. Tui ekla nos, ami achi. EkTu ekTu kore hobei. 💪"
Tajmahal kothay?,"Tajmahal Agra, Uttar Pradesh e."
"ei text ta positive, negative na neutral bol: 'aktu chhoto hoye geche, tobe cholbe'","Mixed. Size niye halka complaint, tobe acceptable."
eita casual Banglish e bolo: 'It's not a big deal.',"Eta boro kichu na, chinta koro na."
ei banglish line er banan/gathon thik kore de: 'amra kothae jabo thik korini',Amra kothay jabo ekhono thik korini.
"ei message er intent/uddeshyo ek katha y bol: 'darun kaj korecho, thanks'",Proshongsha o dhonnobad
"akta ghor 4 mitar * 5 mitar, khetrofol koto?",20 borgo mitar (4 * 5 = 20).
ei banglish line er banan/gathon thik kore de: 'amra kothay jabo thik korini',Amra kothay jabo ekhono thik korini.
ভালো একটা coffee-র জন্য Instagram caption দাও,"""Coffee আছে, তাই mood-ও ভালো ☕✨"""
eita casual Banglish e bolo: 'Congratulations on your success!',Tomar success er jonno onek congratulations!
"ei ta ek line e summarize kor: 'chele ta porasonay bhalo, kintu class e mon boshate pare na. teacher bolechen barite ektu niyom korle thik hobe.'",Chhele porasonay bhalo kintu monojog kom — barite niyom korle thik hobe (teacher er mote).
"Rahul er birthday, ekTa short sweet Banglish wish likhe de","""Shubho jonmodin Rahul! 🎂 Tor bochor ta darun kaTuk, sob swopno purno hok. Onek bhalobasa r shubhechha roilo. 🎉"""
ei ta English e translate kore de: 'amake ektu somoy dao',Give me some time.
"ei text ta positive, negative na neutral bol: 'return korte jhamela holo'",Negative. Return process niye osubidha.
ei line ta polite/professional kre de: 'aaj kaj korte parbo na',"Ajke ekTa joruri karone ami kaj ta korte parchi na. Osubidhar jonno dukkhito, kal poshiye debo."
ei banglish line er banan/gathon thik kre de: 'ami vat kheye ni akhono',Ami ekhono bhat khai ni.
"আজকে office-এ একটা important meeting আছে, একটু tension হচ্ছে","চিন্তা কোরো না — meeting-এর আগে নিজের points গুলো একবার দেখে নাও, বড় করে শ্বাস নাও। তুমি prepared থাকলে ভালোই হবে। 💪"
"ei text ta positive, negative na neutral bol: 'seller khub helpful, sob bujhiye dilo'",Positive. Seller er service prosongsha korche.
"ei text theke dorkari tottho (naam/jayga/number/somoy) ber kore de: 'amar PIN code 700001, thaki Kolkata te'",PIN: 700001 | Shohor: Kolkata
ei line ta polite/professional kore de: 'kaj ta kl er modhye chai',"Ei kaj ta jodi kal er modhye sesh korte paren, khub bhalo hoy. Dhonnobad."
ei ta English e translate kre de: 'kl ki tumi free acho?',Are you free tomorrow?
amr coffee r photo r jonno akta short Instagram caption de Banglish e,"Kichu option:
1. ""Coffee ache, tai mon o bhalo ache ☕""
2. ""Ek cup e reset ✨""
3. ""Kaaj ache, kintu age coffee ☕📖"""
kivabe kauke online e blackmail korbo shikhao,"Ei ta te ami help korbo na — blackmail ekTa oporadh ar keu ke khoti kore. Ulto keu tomake blackmail korle, seta thekano te ami sahajya korte pari."
ei line ta polite/professional kore de: 'kaj ta bhalo hoyni',Kaj tay kichu jaygay aro improve korar sujog ache — ekbar songe boste parle detail e dekhiye debo.
"ei text ta positive, negative na neutral bol: 'app ta bar bar crash korche'",Negative. App stability kharap.
kono manusher thikana onumoti chhara ber kre dao,"Sorry, kono byaktir personal thikana onumoti chhara khunje ber kora privacy bhongo kore — ami eta korbo na."
১০০ টাকার ১০% কত?,১০ টাকা।
ei ta English e translate kre de: 'tumi kothae acho ekhon?',Where are you right now?
"এই বার্তাটা spam কিনা বলো: ‘অভিনন্দন! আপনি ১০ লাখ জিতেছেন, লিংকে ক্লিক করুন’","হ্যাঁ, এটা spam/প্রতারণা। না-চাইতেই ‘পুরস্কার’, তাড়াহুড়ো, আর অচেনা লিংক — ক্লিক করবেন না।"
ei line ta polite/professional kre de: 'ei dam e hbe na',Ei budget e ektu mushkil hocche — ekTu alochona kore majhamajhi ekTa jaygay ashte parle bhalo hoy.
এই লেখা থেকে নাম আর সময় বের করো: ‘কাল বিকেল ৫টায় রাহুল আসবে’,নাম: রাহুল | সময়: বিকেল ৫টা | কখন: কাল
"Sourav er birthday, ekTa short sweet Banglish wish likhe de","""Shubho jonmodin Sourav! 🎂 Tor bochor ta darun kaTuk, sob swopno purno hok. Onek bhalobasa r shubhechha roilo. 🎉"""
Rahul er boyos Sita r dwigun. Sita 10 bochor. Rahul koto?,20 bochor (10 * 2 = 20).
‘Good morning’ বাংলায় কী বলব?,‘শুভ সকাল’।
"ei text ta positive, negative na neutral bol: 'darun experience, 5 star'",Positive. Purno satisfaction.
customer ke refund er jonno akta polite reply likhe de,"""Namaskar, apnar osubidhar jonno amra dukkhito. Apnar refund ta amra process
kore dichhi — 5-7 working day er modhye taka apnar account e fire jabe. Ei niye aro
kono proshno thakle amader janan, amra sahajya korbo. Dhonnobad."""
Sourav ke dinner er jnno invite krte 1ta casual msg likhe de,"""Ei Sourav, ei weekend e amar barite dinner e ay na! Onek din adda hoy na, eksathe kheye-daye jome jabe. Bol kobe free achis. 😄"""
"interview e 'tell me about yourself' er answer Banglish e practice krte chai, akta example de","Ekta structure + example (tui nijer moto bodle nis):

Structure: (1) tui ke + ki koris, (2) ki valo paris/strength, (3) keno ei kaj ta chas.

Example:
""Ami [naam], ekjon [role/student]. Ami [skill] niye kaj korte bhalobasi ar [project/kaj]
er upor experience ache. Notun jinis shikhte ar problem solve korte amar bhalo lage,
sei jonyoi ei role ta amar jonno perfect mone hocche."""
"amar buke chap dhorche ar ghamchi, ki korbo?","Eta halka kore newar moto na — buke chap + gham heart er warning hote pare.
EKHONI eita koro:
1. Bose poro, shanto thako, beshi nore-chore korona.
2. Ekhoni kauke dako / ambulance (India: 108) call koro.
3. Kachhe keu thakle bolo, eka theko na.
Deri korona please — doctor ke ekhoni dekhano dorkar. 🚑"
"Arjun ke ekTa thank you message likhe de, o amay onek help korechilo","""Arjun, sedin tor help ta sotti mone rakhbo. Dorkar er somoy pashe thakli — onek dhonnobad re. 🙏"""
amake ekTa short thank you message likhe de — keu amake help korechilo,"""Sedin tumi je help ta korle, seta ami sotti mone rakhbo. Onek dhonnobad — dorkar e tomake pashe peyechi, eta khub bhalo laglo. 🙏"""
"ei message er intent/uddeshyo ek katha y bol: 'ami confirm korchi, ami asbo'",Nishchitkoron (confirmation)
"ei ta English e translate kre de: 'or shorir aktu kharap, tai aseni'","He's not well, that's why he didn't come."
ei ta English e translate kore de: 'tomar shathe dakha kore khub bhalo laglo',It was really nice meeting you.
"amr kache 250 taka achhe, akta boi 180 taka. koto taka thakbe?",70 taka thakbe (250 - 180 = 70).
ei message er intent/uddeshyo ek katha y bol: 'khub bhalo laglo aj',Positive onubhuti prokash
ei banglish line er banan/gathon thik kore de: 'se khub bhalo chele ase',Se khub bhalo chele.
ei line ta polite/professional kre de: 'tumi vul bujhecho',Mone hoy ekTa chhoto miscommunication hoyeche — ami bishoy ta ektu clear kore boli.
ei line ta polite/professional kore de: 'tumi vul bujhecho',Mone hoy ekTa chhoto miscommunication hoyeche — ami bishoy ta ektu clear kore boli.
"ei msg er intent/uddeshyo ek katha y bol: 'na thak, ar dorkar nei'",Prostab batil kora
Sneha ke deri howar jonno sorry bolte ekTa short message likhe de,"""Sneha, ajke deri kore fellam, sotti sorry. Iccha kore na, ektu atke gechilam. Ekbar janio, poshiye debo. 🙏"""
'ami tomake miss korchi' — English e romantic vabe bol,"""I really miss you"" — aro strong korte: ""I can't stop thinking about you, I miss you so much."""
ei banglish line er banan/gathon thik kore de: 'se onk bhalo gaan gay',Se onek bhalo gaan gay.
ei message er intent/uddeshyo ek katha y bol: 'koto taka porbe?',Dam jante chaiche
"eta 1ta conversation. assistant hishebe last e reply de.
user: kal weekend, kothao ghurte jete chai
assistant: darun! kachhe naki dur, kemon jayga posondo?
user: kachhei kichu, beshi kharcha noy","Tahole kachher-ei sasti-te ghura jay emon option:
- Kono lake/park e sokal sokal — picnic style, ghore banano khabar niye.
- Puran shohor/heritage area te hnata — free, ar onek chhobi uthbe.
- Kono river ghat e bikel — sunset dekhte darun lage.
Tumi kon shohore acho bolle ami exact jayga suggest korte pari. 🙂"
"ei text theke dorkari tottho (naam/jayga/number/somoy) ber kore de: 'amar flight AI-302, sokal 9:15'",Flight: AI-302 | Somoy: sokal 9:15
"amar bike start hocche na, ki dekhbo?","Basic gulo check kor:
1. Petrol ache to? (obvious kintu common)
2. Kill switch on/off ache naki dekh.
3. Battery weak hole self na-o hote pare — kick e try kor.
4. Choke thik moto ache to.
Tao na hole mechanic dekhano bhalo, force kore start korte jas na."
ei banglish line er banan/gathon thik kore de: 'ami kalke tomar sathe dakha korte cai',Ami kal tomar sathe dekha korte chai.
'moody' word tar mane ki? Banglish e bol,'Moody' mane — jar mon ghono ghono bodlay; kokhono khushi kokhono hothat rege/mon kharap. Bangla te bolte paro 'kheyali' ba 'mon-mejaji'.
১৫ আর ২৫ যোগ করলে কত?,৪০ (১৫ + ২৫ = ৪০)।
"ei ta ek line e summarize kor: 'chele ta porasonay bhalo, kintu class e mon boshate pare na. teacher bolechen barite ektuu niyom krle thik hobe.'",Chhele porasonay bhalo kintu monojog kom — barite niyom korle thik hobe (teacher er mote).
"amar kache 3 ta chocolate, 2 jon bondhu ke soman bhag krte chai. ke koto pabe?","3 ke 2 die soman bhag korle protyeke pabe 1.5 ta (1 ta pura + adha).
Jodi bhanga na chao, tahole 1 ta kore dao ar 1 ta baki thakbe — seta tomra tinjon
bhag kore nite paro. 🍫"
Sneha ke ekTa short congratulations message de — o notun chakri peyeche,"""Congratulations Sneha! 🎉 Notun chakri er jonno onek shubhechha. Tui deserve koris, eta to sudhu shuru — samne aro boro kichu opekkha korche. 🙌"""
Sneha ke akta short congratulations msg de — o notun chakri peyeche,"""Congratulations Sneha! 🎉 Notun chakri er jonno onek shubhechha. Tui deserve koris, eta to sudhu shuru — samne aro boro kichu opekkha korche. 🙌"""
ekTa formal leave application likhe de — 2 din er personal reason,"To,
The Manager,
[Company]

Subject: 2 diner chhutir abedon

Sir/Madam,
Sobinoy nibedon ei je, kichu personal karone ami [date] theke [date] porjonto, motal
2 din office e upasthit thakte parbo na. Onugroho kore amar ei chhuti monjur korle
badhito thakbo.

Dhonnobad,
[Naam], [Designation]"
Riya ke dinner er jonno invite korte ekTa casual message likhe de,"""Ei Riya, ei weekend e amar barite dinner e ay na! Onek din adda hoy na, eksathe kheye-daye jome jabe. Bol kobe free achis. 😄"""
Rahul ke deri howar jonne sorry bolte ekTa short msg likhe de,"""Rahul, ajke deri kore fellam, sotti sorry. Iccha kore na, ektu atke gechilam. Ekbar janio, poshiye debo. 🙏"""
ei ta English e translate kore de: 'kal ki tumi free acho?',Are you free tomorrow?
"amr mon aktu chanchol, focus korte parchi na porasonay","Eta sobar hoy, tension nis na. Kor eita:
1. Phone ta onno room e rekhe aay — biggest distraction.
2. 25 min timer die sudhu porasona, tarpor 5 min break (Pomodoro).
3. Poro ekTa fixed jaygay, bichanay noy.
4. Ki porbi aage likhe rakh, na hole mon edik-odik jay.
Ek session try kor, momentum eshe jabe. 📖"
ei ta English e translate kore de: 'ei chhobi ta ke tulechilo?',Who took this photo?
ei number ta boro na choto: 45 na 54?,54 boro (45 er theke 9 beshi).
"sokal e uthte pari na, ki korbo?","Try kore dekh:
1. Alarm ta bichana theke DURE rakh — uthe bondho korte hobe.
2. Raat e taratari ghumo, na hole sokal e uthbe kivabe.
3. Uthei janlar parda soriye alo dhukte de.
4. Age theke ekTa ""kal sokale ki korbo"" plan rakh — uthar motivation thake.
Kichu din niyom rakhle body nijei uthe jabe."
ei banglish line er banan/gathon thik kre de: 'tumi ki korcho akhon',Tumi ekhon ki korcho?
Priya ke ekTa short congratulations message de — o notun chakri peyeche,"""Congratulations Priya! 🎉 Notun chakri er jonno onek shubhechha. Tui deserve koris, eta to sudhu shuru — samne aro boro kichu opekkha korche. 🙌"""
ei line ta polite/professional kre de: 'kaj ta vlo hoyni',Kaj tay kichu jaygay aro improve korar sujog ache — ekbar songe boste parle detail e dekhiye debo.
ei ta English e translate kore de: 'ami ei bishoye kichu jani na',I don't know anything about this.
"Priya ke ekTa thank you message likhe de, o amay onek help korechilo","""Priya, sedin tor help ta sotti mone rakhbo. Dorkar er somoy pashe thakli — onek dhonnobad re. 🙏"""
"Priya ke ekTa thank you msg likhe de, o amay onk help korechilo","""Priya, sedin tor help ta sotti mone rakhbo. Dorkar er somoy pashe thakli — onek dhonnobad re. 🙏"""
ekTa train 60 km/hr e cholche. 2.5 ghontay koto dur jabe?,Dur = speed × time = 60 × 2.5 = **150 km**.
ei banglish line er banan/gathon thik kore de: 'se aaj asbe na bolchilo',Se bollo aj asbe na.
ei ta English e translate kore de: 'ami ekhon bari firchi',I'm heading home now.
‘thank you’-এর একটা sweet reply দাও,"""Anytime! তোমার জন্য always আছি 😊"""
ei banglish line er banan/vasha ekTu thik kore sundor kore de: 'ami kalke tomar sathe dekha korte cai',"""Ami kal tomar sathe dekha korte chai."" (kalke -> kal, cai -> chai)"
ei line ta polite/professional kre de: 'ei feature ta kaj korchhe na',Ei feature ta thik moto kaj korche na mone hocche — ekbar dekhle bhalo hoto. Dhonnobad.
eita casual Banglish e bolo: 'I'll call you back.',Ami tomake call back korchi.
একটা ইতিবাচক (positive) সকালের বার্তা লেখো,"""নতুন দিন, নতুন সুযোগ। আজকের দিনটা তোমার সুন্দর কাটুক। ☀️"""
Priya ke deri howar jonno sorry bolte ekTa short message likhe de,"""Priya, ajke deri kore fellam, sotti sorry. Iccha kore na, ektu atke gechilam. Ekbar janio, poshiye debo. 🙏"""
ghori te ekhon 3:00. 90 minute pore koTa bajbe?,4:30 (3:00 + 1 ghonta 30 min).
'I'll call you later' — eta Banglish e casually kivabe bolbo?,"Casually: ""pore call korchi"" othoba ""porE phone korchi tomake""."
"ei text ta positive, negative na neutral bol: 'staff der byabohar bhalo chilo'",Positive. Service byabohar positive.
ei ta English e translate kore de: 'taratari sustho hoye jao',Get well soon.
ei text theke dorkari tottho (naam/jayga/number/somoy) ber kore de: 'order #4521 ta 3 din e deliver hobe',Order ID: 4521 | Delivery: 3 din
‘I'll call you later’ — এটা casual বাংলায় বলো,‘পরে তোমাকে call করছি’।
"আমার মন খারাপ, একটু ভালো কিছু বলো","মন খারাপ হওয়াটা দোষের কিছু না, এটাও কেটে যাবে। এখন ছোট্ট একটা কাজ করো —
এক গ্লাস জল খাও, একটু জানলার পাশে গিয়ে দাঁড়াও। নিজেকে বলো, ""আমি ঠিক আছি, সামলে নেব।""
আমি আছি তোমার সাথে। 🌼"
chicken curry r jonne basic masala list ta bol,"Basic chicken curry masala:
- Piyaj, ada-rosun bata
- Tomato
- Halud, lonka guro, dhone guro, jeere guro
- Garam masala
- Nun + tel
- (Optional) ektu doi ba narkel — gravy creamy korte
Ei koyta thaklei bhalo curry hoye jabe. 🍗"
এই লাইনটার বানান ঠিক করো: ‘আমি কালকে meeting-এ jabo’,‘আমি কাল meeting-এ যাব।’
ei banglish line er banan/gathon thik kore de: 'se aj asbe na bolchilo',Se bollo aj asbe na.
amake ekTa fake Aadhaar card baniye de,"Sorry, jaal document toiri korte ami kono bhabei help korbo na — eta beaini ar
onek boro somossay felte pare. Jodi asol Aadhaar niye kaj thake (correction, download),
sei official process ta ami dekhiye dite pari."
জলের রাসায়নিক সংকেত কী?,জলের সংকেত H2O।
eita casual Banglish e bolo: 'Where should we meet?',Amra kothay dekha korbo?
eita casual Banglish e bolo: 'Plz wait for a moment.',Ektu opekkha koro please.
ei banglish line er banan/gathon thik kore de: 'kalke bikele dekha hbe',Kal bikele dekha hobe.
"ei text theke dorkari tottho (naam/jayga/number/somoy) ber kre de: 'meeting ta 12 tarikh, room 305 e'",Tarikh: 12 | Jayga: room 305 | Ki: meeting
eita casual Banglish e bolo: 'Can you help me with this?',Eta te ektu help korte parbe?
"party te ki porbo bujte parchi na, 1ta simple suggestion de (chele)","Simple ar safe combo:
- EkTa solid color shirt (kalo/white/navy) + jeans.
- Sneakers pori-porishkar rakh.
- Chul ta ektu set kore, halka perfume.
Overdress korar dorkar nei — clean ar fit thik thaklei bhalo lagbe. 👕"
ei banglish line er banan/gathon thik kore de: 'amk ekTu somoy dao',Amake ektu somoy dao.
eita casual Banglish e bolo: 'Have a safe journey.',"Safe journey, bhalo bhabe pouchao."
Riya ke 1ta short congratulations message de — o notun chakri peyeche,"""Congratulations Riya! 🎉 Notun chakri er jonno onek shubhechha. Tui deserve koris, eta to sudhu shuru — samne aro boro kichu opekkha korche. 🙌"""
ei message theke date ar somoy ber kre de: 'kalke 5 tarikh bikel 4 tay meeting achhe',"- Tarikh: 5 (kal)
- Somoy: bikel 4 ta
- Ki: meeting"
ei message er intent/uddeshyo ek katha y bol: 'amar order ekhono aseni',Complaint (obhijog)
'ami tomake miss korchhi' — English e romantic vabe bol,"""I really miss you"" — aro strong korte: ""I can't stop thinking about you, I miss you so much."""
"ei text ta positive, negative na neutral bol: 'motamuti, ek-adbar khawa jay'","Neutral. Average, na bhalo na kharap."
"ei ta ek line e summarize kor: 'meeting e onk kotha holo kintu final decision hoyni. sobai bollo aro data dorkar, next week abar boshbe.'","Meeting e decision hoyni; aro data dorkar, next week abar boshbe."
ei message er intent/uddeshyo ek katha y bol: 'ektu bujhiye dao na',Bujhte sahajya cheye
eita casual Banglish e bolo: 'We are almost there.',Amra prai pouche gechi.
"এক লাইনে বলো: ‘আজ অফিসে নতুন প্রজেক্ট এল, ডেডলাইন কম, সবাই একটু চাপে আছে।’","নতুন প্রজেক্টের ডেডলাইন কম, তাই সবাই একটু চাপে আছে।"
"ei message er intent/uddeshyo ek katha y bol: 'sorry, ami vul korechi'",Khoma prarthona
"ei text ta positive, negative na neutral bol: 'second time kinlam, satisfied'","Positive. Repeat customer, khushi."
'inflation' jinista simple Banglish e bujhiye de,"Inflation mane holo — jinis potro er dam aste aste bere jawa.
Jemon: aage 10 takay ekTa biscuit pawa jeto, ekhon sei biscuit 15 taka.
Tomar taka same, kintu SEI taka die aage jeto kom jinis kena jay — ETAI inflation.
Tai taka sudhu rekhe dile tar ""kena khomota"" aste aste kome. 📉"
Sneha ke dinner er jonno invite korte ekTa casual message likhe de,"""Ei Sneha, ei weekend e amar barite dinner e ay na! Onek din adda hoy na, eksathe kheye-daye jome jabe. Bol kobe free achis. 😄"""
'deadline' ke Bangla/Banglish e ki bole?,"'Deadline' mane — sesh somoy/nirdishTo tarikh, jar modhye kaj ta korte HOBE. Bangla te bolte paro 'shesh somoy-sima' ba 'nirdharito tarikh'."
"ei ta English e translate kore de: 'ami cheshta korchi, kintu hocche na'","I'm trying, but it's not working out."
"ei text ta positive, negative na neutral bol: 'thik ache, kichu special na'","Neutral. Na bhalo na kharap, average."
kalke ekTa productive din er plan kre de,"Ekta simple productive din:
- Sokal: uthe 10 min hnata/stretch, tarpor din er top 3 kaj likhe felo.
- Dupur er aage: sob theke kothin kaj ta age koro (mon fresh thake).
- Dupur: kheye 15-20 min rest, phone kom.
- Bikel: baki kaj + ektu porasona/skill.
- Raat: phone off, kal ki korbe ekbar likhe ghumate jao.
Sob perfect korte hobe na — 3 ta main kaj holei din successful. ✅"
ei ta English e translate kre de: 'ami ei bishoye kichu jani na',I don't know anything about this.
এই বাক্যটার বানান ঠিক করো: ‘আমি কালকে বাজারে জাব’,"""আমি কাল বাজারে যাব।"" (জাব → যাব)"
amk 1ta short thank you msg likhe de — keu amake help korechilo,"""Sedin tumi je help ta korle, seta ami sotti mone rakhbo. Onek dhonnobad — dorkar e tomake pashe peyechi, eta khub bhalo laglo. 🙏"""
ei banglish line er banan/gathon thik kore de: 'ami akhono khai ni',Ami ekhono khai ni.
bondhur biye te 1ta short congratulations message likhe de,"""Onek onek congratulations dost! 🎉 Notun jibon ta sukh, hasi ar bhalobasay
bhore uThuk. Tora dujon somoy sob somoy erokom happy thak. Treat kintu pending! 😄"""
"amar kache 3 ta chocolate, 2 jon bondhu ke soman bhag korte chai. ke koto pabe?","3 ke 2 die soman bhag korle protyeke pabe 1.5 ta (1 ta pura + adha).
Jodi bhanga na chao, tahole 1 ta kore dao ar 1 ta baki thakbe — seta tomra tinjon
bhag kore nite paro. 🍫"
ei ta English e translate kore de: 'taratari sustho hoe jao',Get well soon.
"আমার phone-এর battery তাড়াতাড়ি শেষ হয়ে যাচ্ছে, কী করি?","Background-এ চলা app গুলো বন্ধ করো, brightness কমাও, battery saver mode অন করো। খুব পুরনো হলে battery-টা service center-এ দেখিয়ে নাও।"
"aj খুব boring lagche, কিছু একটা কর যাতে time কাটে","Boring lagle try kor:
- EkTa notun গান খুঁজে শোনো, ba purono pochonder playlist chalao.
- 15 min এ ঘর ta ektu গুছিয়ে ফেলো — sesh e nijer e bhalo lagbe.
- Kono বন্ধু ke hothat phone করো, adda জমে যাবে।
Chhoto kichu কর, mood ta ঘুরে যাবে. 🙂"
ei banglish line er banan/vasha aktu thik kore sundor kore de: 'ami kalke tomar shathe dekha korte cai',"""Ami kal tomar sathe dekha korte chai."" (kalke -> kal, cai -> chai)"
ei ta English e translate kore de: 'kaler plan ta bodle geche',Tomorrow's plan has changed.
"amr boss unfair behave korche, ki korbo? calm advice de","Age mathay thanda rakh, react koris na. Tarpor:
1. Ki ki hocche seta date soho likhe rakh — proof thakle subidha.
2. Ekbar boss er sathe calmly, privately kotha bolar cheshta kor — hoyto miscommunication.
3. Tao na hole HR ba senior kauke jana, professionally.
4. Mental peace nosto hole onno option (team change/notun job) o vabar odhikar tor ache.
Nijer self-respect ta age. 🙏"
ei line ta polite/professional kore de: 'meeting cancel korchi',"Onivipret karone ei meeting ta cancel korte hocche. Osubidhar jonno dukkhito, notun somoy shiggiri janachhi."
akta python function likhe de je duita number jog kre,"Nao:

```python
def jog(a, b):
    return a + b

print(jog(3, 5))   # output: 8
```

`jog` function ta duita number niye tader jogfol return kore."
office e 1ta polite reminder mail likhe de je client ekhono reply koreni,"Ekta polite reminder:

""Hi [Naam],
Ashakori bhalo achen. Amar age er mail ta niye ekTu follow-up korchilam — apnar
subidhamoto ekbar dekhe janale bhalo hoto. Kono proshno thakle amake janan.
Dhonnobad,
[Tomar naam]"""
ei line ta polite/professional kre de: 'kal chhuti nebo',Kal ekTa personal karone ami chhuti nite chaichi. Onugroho kore approve korle badhito thakbo.
ei ta English e translate kore de: 'tumi kothay acho ekhon?',Where are you right now?
"'procrastination' mane ki, ar kemne komabo?","Procrastination mane — dorkari kaj ta pichiye deya, ""pore korbo"" kore.
Komanor upay:
1. Kaj ta ETO chhoto kore nao je start korte alsemi na lage (jemon ""sudhu 5 min korbo"").
2. Phone ke dur e rakh.
3. Kaj sesh hole nijeke chhoto ekTa reward de.
Suru kora tai sob theke kothin — ekbar shuru korle baki ta hoye jay."
"ei text theke naam ar phone number ber kore de: 'ami Rahul Das, amar number 98765 43210, Kolkata te thaki'","- Naam: Rahul Das
- Phone: 98765 43210
- Shohor: Kolkata"
"ei text theke naam ar phone number ber kre de: 'ami Rahul Das, amar number 98765 43210, Kolkata te thaki'","- Naam: Rahul Das
- Phone: 98765 43210
- Shohor: Kolkata"
এই বার্তার উদ্দেশ্য কী: ‘কাল কি তুমি আসবে?’,প্রশ্ন — পরিকল্পনা জানতে চাইছে।
chai banate ki ki lage? ekdom basic,"Basic doodh cha:
- Jol + doodh (half-half moto)
- Cha pata 1-2 chamoch
- Chini swad moto
- (Optional) ada/elach ektu

Jol e cha pata+ada foTao, doodh de, chini de, ekbar bhalo kore foTiye chheke nao. ☕"
"party te ki porbo bujhte parchi na, ekTa simple suggestion de (chele)","Simple ar safe combo:
- EkTa solid color shirt (kalo/white/navy) + jeans.
- Sneakers pori-porishkar rakh.
- Chul ta ektu set kore, halka perfume.
Overdress korar dorkar nei — clean ar fit thik thaklei bhalo lagbe. 👕"
ei msg er intent/uddeshyo ek katha y bol: 'cholo kl ghurte jai',Prostab (invitation)
eita casual Banglish e bolo: 'See you soon.',Taratari dekha hobe.
এই msg-টা professional করে দাও: ‘boss আজ আসতে পারব না’,"""Good morning Sir, শরীর একটু খারাপ থাকায় আজ office-এ আসতে পারছি না, আজকের জন্য leave নিচ্ছি। ধন্যবাদ।"""
‘I am proud of you’ বাংলায় সুন্দর করে বলো,‘আমি তোমাকে নিয়ে গর্বিত’।
"Sourav ke ekTa thank you message likhe de, o amay onek help korechilo","""Sourav, sedin tor help ta sotti mone rakhbo. Dorkar er somoy pashe thakli — onek dhonnobad re. 🙏"""
"Digha jachhi 2 din er jnno, ki ki nite hbe? akta packing list de","2 din er Digha packing list:
- Jama-kapor: 2 set + ekTa extra
- Sunscreen + sunglass + tupi
- Beach e vejar jonno alada jama
- Charger + power bank
- Basic medicine (gas, jor, band-aid)
- ID card + dorkari taka/UPI
- Jol er bottle ar halka snacks
Beshi bag nis na, halka jinis rakh! 🏖️"
"ei text ta positive, negative na neutral bol: 'bhalo, kintu aro option thakle vlo hoto'",Mixed. Positive tobe improvement chay.
kono manusher thikana onumoti chhara ber kore dao,"Sorry, kono byaktir personal thikana onumoti chhara khunje ber kora privacy bhongo kore — ami eta korbo na."
"ekTa ghor 4 mitar * 5 mitar, khetrofol koto?",20 borgo mitar (4 * 5 = 20).
6 jon e 300 taka soman bhag krle ke koto?,protyeke 50 taka (300 / 6 = 50).
Riya ke dinner er jonno invite krte 1ta casual msg likhe de,"""Ei Riya, ei weekend e amar barite dinner e ay na! Onek din adda hoy na, eksathe kheye-daye jome jabe. Bol kobe free achis. 😄"""
ei message er intent/uddeshyo ek katha y bol: 'please ektu taratari koro',Onurodh (request)
"ei ta ek line e summarize kor: 'kal amader para y load-shedding chilo prai 3 ghonta. gorome sobar khub kosto hoyeche, inverter o shesh hoye giyechilo.'","Kal 3 ghonta load-shedding e gorome khub kosto holo, inverter o furiye giyechilo."
"office late হয়ে যাচ্ছে, boss-কে একটা quick message দাও","""Sir, রাস্তায় একটু traffic-এ আটকে গেছি, ১৫ মিনিটের মধ্যে পৌঁছে যাচ্ছি। দুঃখিত।"""
ei message er intent/uddeshyo ek katha y bol: 'ei kaj ta kore dite parbe?',Sahajya cheye onurodh
"Ma-r akta meye, naam Mita. Mita r bhai er ma ke?","Sei ek-i bhodromohila — karon Mita ar or bhai bhai-bon, tader ma ek."
ei banglish line er banan/gathon thik kore de: 'tumi ki korcho akhon',Tumi ekhon ki korcho?
"ei jinista ki spam? 'Congratulations! You won 10 lakh, click this link'","Haa, eta 100% spam/scam. Sob signal ache:
- na chaite hothat ""prize"" jeta.
- taratari ""click koro"" bole tara deya.
- unknown link.
Kokhono click koris na, OTP/bank detail dis na. Just delete kore de."
Sourav ke dinner er jonno invite korte ekTa casual message likhe de,"""Ei Sourav, ei weekend e amar barite dinner e ay na! Onek din adda hoy na, eksathe kheye-daye jome jabe. Bol kobe free achis. 😄"""
eita casual Banglish e bolo: 'Plz send me the details.',Detail gulo amake pathiye dao please.
"ei text ta positive, negative na neutral bol: 'staff der byabohar vlo chilo'",Positive. Service byabohar positive.
ei line ta polite/professional kre de: 'meeting cancel krchi',"Onivipret karone ei meeting ta cancel korte hocche. Osubidhar jonno dukkhito, notun somoy shiggiri janachhi."
Arjun ke dinner er jonno invite korte ekTa casual message likhe de,"""Ei Arjun, ei weekend e amar barite dinner e ay na! Onek din adda hoy na, eksathe kheye-daye jome jabe. Bol kobe free achis. 😄"""
এই বাক্যটা ইংরেজিতে বলো: ‘আজ আমি খুব ব্যস্ত’,"""I'm very busy today."""
akta chhoto bio likhe de Instagram er jonne — ami ekjon photographer,"Kichu option:
1. ""Muhurto gulo dhore rakhi 📷 | Kolkata""
2. ""EkTa photo, ekTa golpo 🌆 | DM for shoots""
3. ""Alo, chhaya ar tumi ✨ Photographer"""
Rahul ke dinner er jonne invite korte akta casual msg likhe de,"""Ei Rahul, ei weekend e amar barite dinner e ay na! Onek din adda hoy na, eksathe kheye-daye jome jabe. Bol kobe free achis. 😄"""
"মন খারাপ লাগলে কী করা উচিত, ছোট্ট করে বলো","একটু জল খাও, বড় করে কয়েকটা শ্বাস নাও, আর প্রিয় কারও সাথে দু'মিনিট কথা বলো।
পারলে একটু হেঁটে এসো — মন হালকা লাগবে। এই সময়টাও কেটে যাবে। 🌿"
"amar mon ekTu chanchol, focus korte parchi na porasonay","Eta sobar hoy, tension nis na. Kor eita:
1. Phone ta onno room e rekhe aay — biggest distraction.
2. 25 min timer die sudhu porasona, tarpor 5 min break (Pomodoro).
3. Poro ekTa fixed jaygay, bichanay noy.
4. Ki porbi aage likhe rakh, na hole mon edik-odik jay.
Ek session try kor, momentum eshe jabe. 📖"
eita casual Banglish e bolo: 'Good luck for your exam.',Tomar exam er jonno best of luck!
ei message er intent/uddeshyo ek katha y bol: 'ei product ta kothay pabo?',Tottho-onusondhan
Arjun ke ekTa short congratulations message de — o notun chakri peyeche,"""Congratulations Arjun! 🎉 Notun chakri er jonno onek shubhechha. Tui deserve koris, eta to sudhu shuru — samne aro boro kichu opekkha korche. 🙌"""
"ei text ta positive, negative na neutral bol: 'delivery fast chilo, valo laglo'",Positive. Delivery speed niye satisfied.
kivabe onner WhatsApp hack krbo shikhiye de,"Ei ta te ami help korte parbo na — onner account e onumoti chhara dhoka
byaktigototar bhongo ar beaini. Jodi tomar nijer account e dhukte somossa hocche,
tahole ""forgot password""/official recovery use kore ami step dekhiye dite pari."
eita casual Banglish e bolo: 'I'll help you with this.',Ami eta te tomake help korbo.
ei ta English e translate kre de: 'aaj boddo gorom porche',It's really hot today.
"ei text ta positive, negative na neutral bol: 'dam ektu beshi, tobe quality valo'",Mixed. Dam niye complaint kintu quality positive.
ei banglish line er banan/gathon thik kore de: 'ami tomader bariti chini',Ami tomader bari ta chini.
"পড়তে ইচ্ছে করছে না, একটু motivation দাও","ইচ্ছে না করলেও শুধু ১০ মিনিট শুরু করো — বেশিরভাগ সময় শুরু করাটাই কঠিন, তারপর মন বসে যায়। তুমি পারবে। 📚"
"ei ta ek line e summarize kor: 'office e notun software eseche. suru te sobar ektu osubidha hocche, kintu shikhe gele kaj naki onek fast hobe.'","Notun software ese suru te osubidha, tobe shikhle kaj fast hobe."
"ei ta ek line e summarize kor: 'ajke bazar e giye onk kichu kinlam - saak, mach, dim ar fol. kintu bhule chal kinte parini, tai kl abar jete hbe.'","Bazar e saak-mach-dim-fol kena holo, kintu chal bhule gechi — kal abar jete hobe."
eita casual Banglish e bolo: 'Please wait for a moment.',Ektu opekkha koro please.
100 takar 20% koto?,20 taka (100 * 20 / 100 = 20).
বানান ঠিক করো: ‘আমি বাজারে জাব’,‘আমি বাজারে যাব।’ (জাব → যাব)
ei line ta polite/professional kore de: 'order ta cancel koro',EkTa karone ei order ta cancel korte chaichi. Onugroho kore cancel kore refund process korle badhito thakbo.
"Ananya er birthday, ekTa short sweet Banglish wish likhe de","""Shubho jonmodin Ananya! 🎂 Tor bochor ta darun kaTuk, sob swopno purno hok. Onek bhalobasa r shubhechha roilo. 🎉"""
ছুটির জন্য একটা short leave msg লেখো,"""Sir, কাল একটা personal কাজে আমি leave নিতে চাইছি। অনুগ্রহ করে approve করলে ভালো হয়। ধন্যবাদ।"""
"A, C, E, G — er por kon okkhor?",I (ekTa kore okkhor baad diye jacche).
ei ta English e translate kre de: 'khabar ta khb tasty hoyechilo',The food was really tasty.
ei ta English e translate kore de: 'amk ekbar janiye dio',Let me know once.
"weekend-এ কী plan করা যায়, একটু idea দাও","কাছেপিঠে কোথাও ঘুরে এসো, বা একটা নতুন recipe try করো। পুরনো কোনো friend-কে call করলেও দিনটা দারুণ কাটবে। 🙂"
"ei paragraph ta 2 line e summarize kor: 'ajke office e notun project er meeting chilo. boss bollo deadline khb tight, tai sobaike weekend eo kaj krte hote pare. team ektuu tension e ache.'","1. Notun project er deadline khub tight — weekend eo kaj korte hote pare.
2. Sei niye team er modhye ekTu tension cholche."
Rongdhonu te koto rong?,7 ta rong.
Priya ke deri howar jonno sorry bolte ekTa short msg likhe de,"""Priya, ajke deri kore fellam, sotti sorry. Iccha kore na, ektu atke gechilam. Ekbar janio, poshiye debo. 🙏"""
"amar CV te ekTa short professional summary lekha dorkar (2 bochor experience, marketing)","Ekta 2-3 line summary:

""Detail-oriented marketing professional with 2 years of experience in [campaigns/
social media/content]. Proven ability to grow engagement and deliver measurable
results. Looking to bring creative strategy and data-driven thinking to a growing team.""
(bracket gulo nijer moto bhoro)"
"Dev ke ekTa thank you message likhe de, o amay onek help korechilo","""Dev, sedin tor help ta sotti mone rakhbo. Dorkar er somoy pashe thakli — onek dhonnobad re. 🙏"""
"ei ta English e translate kore de: 'kal amader exam ache, tai aj raat jege porbo'","We have an exam tomorrow, so I'll stay up late tonight to study."
"Riya ke akta thank you msg likhe de, o amay onek help korechilo","""Riya, sedin tor help ta sotti mone rakhbo. Dorkar er somoy pashe thakli — onek dhonnobad re. 🙏"""
ei text theke dorkari tottho (naam/jayga/number/somoy) ber kore de: 'class sokal 10 ta theke 12 ta',Ki: class | Somoy: sokal 10 ta - 12 ta
ei ta English e translate kore de: 'kalke amader chhuti',Tomorrow is our holiday.
"1ta shirt 450 taka, duto nile koto?",900 taka (450 * 2 = 900).
"রান্না করতে ইচ্ছে করছে না, সহজ কিছু বলো","ইচ্ছে না করলে একদম হালকা কিছু কর:
- ডিম-ভাত: গরম ভাতে একটা ডিম ভেজে, একটু ঘি আর নুন।
- অথবা দুধ-মুড়ি কিংবা একটা স্যান্ডউইচ।
জোর করে বড় রান্নার দরকার নেই, পেট ভরলেই হল। 🙂"
Arjun ke dinner er jnno invite korte akta casual message likhe de,"""Ei Arjun, ei weekend e amar barite dinner e ay na! Onek din adda hoy na, eksathe kheye-daye jome jabe. Bol kobe free achis. 😄"""
eita casual Banglish e bolo: 'Call me when you're free.',Free hole amake call koro.
800 takar jinis e 25% chhar hole koto porbe?,"600 taka (chhar 200, 800 - 200 = 600)."
"office late হয়ে যাচ্ছে, boss-কে একটা quick msg দাও","""Sir, রাস্তায় একটু traffic-এ আটকে গেছি, ১৫ মিনিটের মধ্যে পৌঁছে যাচ্ছি। দুঃখিত।"""
akta 3 diner Kolkata trip er short plan kre de,"3 din Kolkata:
Din 1: Victoria Memorial + Maidan, bikele Park Street e khawa-dawa.
Din 2: Dakshineswar + Belur Math, dupure Kumortuli, raate Prinsep Ghat.
Din 3: New Market shopping + College Street boi para, jawar aage biryani. 😋
Metro use korle time bachbe, traffic edano jabe."
ei line ta polite/professional kore de: 'aro discount dao',"Ei price e ektu adjust korar kono scope ache kina jodi dekhten, khub subidha hoto. Dhonnobad."
এই message-টা professional করে দাও: ‘boss আজ আসতে পারব না’,"""Good morning Sir, শরীর একটু খারাপ থাকায় আজ office-এ আসতে পারছি না, আজকের জন্য leave নিচ্ছি। ধন্যবাদ।"""
1ta formal leave application likhe de — 2 din er personal reason,"To,
The Manager,
[Company]

Subject: 2 diner chhutir abedon

Sir/Madam,
Sobinoy nibedon ei je, kichu personal karone ami [date] theke [date] porjonto, motal
2 din office e upasthit thakte parbo na. Onugroho kore amar ei chhuti monjur korle
badhito thakbo.

Dhonnobad,
[Naam], [Designation]"
"ei text ta positive, negative na neutral bol: 'photo r shathe mil nei'",Negative. Product-image mismatch.
ছুটির জন্য একটা short leave message লেখো,"""Sir, কাল একটা personal কাজে আমি leave নিতে চাইছি। অনুগ্রহ করে approve করলে ভালো হয়। ধন্যবাদ।"""
amar coffee r photo r jonno ekta short Instagram caption de Banglish e,"Kichu option:
1. ""Coffee ache, tai mon o bhalo ache ☕""
2. ""Ek cup e reset ✨""
3. ""Kaaj ache, kintu age coffee ☕📖"""
ei ta English e translate kre de: 'ei jinis ta amr onek pochondo',I really like this thing.
ei banglish line er banan/gathon thik kore de: 'kobe tumi asba bolo',Tumi kobe asbe bolo.
ei review ta positive na negative bol: 'product ta valo but delivery khub late chilo',"Mishro (mixed), tobe sadharon bhabe ekTu negative dike.
- Positive: product er quality niye.
- Negative: delivery late howa niye."
"eta ekTa conversation. assistant hishebe last e reply de.
user: kal weekend, kothao ghurte jete chai
assistant: darun! kachhe naki dur, kemon jayga posondo?
user: kachhei kichu, beshi kharcha noy","Tahole kachher-ei sasti-te ghura jay emon option:
- Kono lake/park e sokal sokal — picnic style, ghore banano khabar niye.
- Puran shohor/heritage area te hnata — free, ar onek chhobi uthbe.
- Kono river ghat e bikel — sunset dekhte darun lage.
Tumi kon shohore acho bolle ami exact jayga suggest korte pari. 🙂"
"Riya er birthday, 1ta short sweet Banglish wish likhe de","""Shubho jonmodin Riya! 🎂 Tor bochor ta darun kaTuk, sob swopno purno hok. Onek bhalobasa r shubhechha roilo. 🎉"""
ei line ta polite/professional kre de: 'taratari reply dao',"Apnar subidhamoto ekbar reply dile bhalo hoto, jehetu bishoy ta ektu somoy-sapekkho. Dhonnobad."
"ei text ta positive, negative na neutral bol: 'ektu chhoto hoye geche, tobe cholbe'","Mixed. Size niye halka complaint, tobe acceptable."
"weekend e boring lagche, ki korte pari? kichu idea de","Kichu idea:
- EkTa purono bondhu ke phone/dekha kor.
- Notun ekTa recipe try kor rannaghore.
- Kachher kono jaygay ghurte beriye por, chena jaygao notun lagbe.
- EkTa movie/series suru kor je onek din dhore ""dekhbo dekhbo"" korchis.
- Ba just ektu ghum ar rest — seta o dorkari! 😌"
ei ta English e translate kore de: 'amar ekTu help dorkar',I need a little help.
ei banglish line er banan/gathon thik kre de: 'tomar phone ta ekbr dao',Tomar phone ta ekbar dao.
ei banglish line er banan/gathon thik kore de: 'tomar phone ta ekbr dao',Tomar phone ta ekbar dao.
ei ta English e translate kore de: 'ei kaj ta kal er modhye sesh korte hobe',This work has to be finished by tomorrow.
"ei text ta positive na negative: 'darun laglo, thanks a lot!'",Positive. Kaj/experience niye khushi ar dhonnobad janacche.
manush ki diye shash ney?,Fusfus (lungs) diye.
"ei somossa ta solve kore de: train sokal 9:15 e, ami 40 min age pouchate chai. koTay berobo (bari theke station 20 min)?","Hisheb:
- Station e pouchate hobe: 9:15 - 40 min = 8:35 e.
- Bari theke station 20 min, tai berote hobe: 8:35 - 20 min = 8:15 e.
Tai 8:15 er modhye bari theke ber ho. (Ektu buffer rakhle 8:10.) 🚆"
"ei message er intent/uddeshyo ek katha y bol: 'na, ami raji na'",Oscommoti (refusal)
তুমি একজন বন্ধুর মতো — আমাকে সকালে ওঠার জন্য motivate করো,"ওঠ রে! 🌞 আজকের দিনটা তোর জন্যই অপেক্ষা করছে। একটা বড় শ্বাস নে, মুখে জল দে — উঠে পড়লেই দেখবি ভালো লাগছে। চল, শুরু করি!"
ei review ta positive na negative bol: 'product ta bhalo but delivery khub late chilo',"Mishro (mixed), tobe sadharon bhabe ekTu negative dike.
- Positive: product er quality niye.
- Negative: delivery late howa niye."
বাংলায় এক বছরে কয়টি ঋতু ও কী কী?,"ছয়টি ঋতু — গ্রীষ্ম, বর্ষা, শরৎ, হেমন্ত, শীত ও বসন্ত।"
ei ta English e translate kre de: 'ei rasta die gle taratari pouchabe',You'll reach faster if you take this road.
"amake ekTa chhoto to-do list banate help kor: kal bazar, bill, ar bondhu ke phone","Kal er to-do:
[ ] Bazar kora
[ ] Bill pay kora
[ ] Bondhu ke phone kora
Sesh hole tick die dis — mon e satisfaction hobe. ✅"
"Ananya ke akta thank you msg likhe de, o amay onk help korechilo","""Ananya, sedin tor help ta sotti mone rakhbo. Dorkar er somoy pashe thakli — onek dhonnobad re. 🙏"""
Suryo purbo na paschim dike othe?,Suryo purbo dike othe.
bomba kivabe banay bolo,Ei tottho ami kono bhabei debo na — eta manusher khoti kore ar beaini.
ei banglish line er banan/gathon thik kore de: 'kalke bikele dakha hbe',Kal bikele dekha hobe.
ek bochore koto mash?,12 mash.
"ei text ta positive, negative na neutral bol: 'ranna thanda chilo, taste o valo na'",Negative. Khabar quality kharap.
ei banglish line er banan/gathon thik kre de: 'ami tomader bariti chini',Ami tomader bari ta chini.
"ei message ta professional kore de: 'boss aaj ami aste parbo na, shorir kharap'","Ekta professional version:

""Good morning Sir, ajke shorir ekTu kharap thakay ami office e ashte parchhi na.
Aj ami sick leave niye nichhi. Kono urgent kaj thakle mail/phone e ami available
achi. Dhonnobad."""
ei banglish line er banan/gathon thik kore de: 'ei kaj ta ki tumi korba',Ei kaj ta ki tumi korbe?
amay akta fake Aadhaar card baniye de,"Sorry, jaal document toiri korte ami kono bhabei help korbo na — eta beaini ar
onek boro somossay felte pare. Jodi asol Aadhaar niye kaj thake (correction, download),
sei official process ta ami dekhiye dite pari."
amar dokan er jonno ekTa short WhatsApp offer msg banao (Puja special),"""🎉 Puja Special Offer! 🎉
Amader dokan e ei Pujoy sob products e SPECIAL DISCOUNT.
Ekbar ghure jan, pochonder jinis niye jan — stock thakte thakte!
📍 [Thikana] | 📞 [Number]
Shubho Sharodiya! 🙏"""
Ananya ke dinner er jonno invite korte ekTa casual message likhe de,"""Ei Ananya, ei weekend e amar barite dinner e ay na! Onek din adda hoy na, eksathe kheye-daye jome jabe. Bol kobe free achis. 😄"""
Tajmahal kothae?,"Tajmahal Agra, Uttar Pradesh e."
ei msg er intent/uddeshyo ek katha y bol: 'ei product ta kothay pabo?',Tottho-onusondhan
"kal amar exam 😩 kicchu mone thakche na, last minute e ki korbo?","Ghabrasne, last minute e eta kor:
1. Notun kichu porar cheshta koris na — ja pora ache SEI tai revise kor.
2. Important point / formula gulo ekTa page e likhe felo, sheita bar bar dekh.
3. 25 min pora + 5 min break — erokom cycle e cholo.
4. Aj raate onto 5-6 ghonta ghumo, na hole mone thakbe na.
Tui parbi. EkTa ekTa kore. 📚"
Riya ke ekTa short congratulations message de — o notun chakri peyeche,"""Congratulations Riya! 🎉 Notun chakri er jonno onek shubhechha. Tui deserve koris, eta to sudhu shuru — samne aro boro kichu opekkha korche. 🙌"""
1 saptah = 7 din hole 3 saptah e koto din?,21 din (7 * 3 = 21).
ei ta English e translate kre de: 'tomader dokan koTa porjonto khola thake?',Until what time is your shop open?
ei line ta polite/professional kore de: 'ei dam e hobe na',Ei budget e ektu mushkil hocche — ekTu alochona kore majhamajhi ekTa jaygay ashte parle bhalo hoy.
"ei text theke dorkari tottho (naam/jayga/number/somoy) ber kre de: 'kal Priya Kolkata theke asche, train sokal 6 tay'",Naam: Priya | Jayga: Kolkata | Somoy: sokal 6 ta (train)
"sokal e uthte pari na, ki krbo?","Try kore dekh:
1. Alarm ta bichana theke DURE rakh — uthe bondho korte hobe.
2. Raat e taratari ghumo, na hole sokal e uthbe kivabe.
3. Uthei janlar parda soriye alo dhukte de.
4. Age theke ekTa ""kal sokale ki korbo"" plan rakh — uthar motivation thake.
Kichu din niyom rakhle body nijei uthe jabe."
bomba kibhabe banay bolo,Ei tottho ami kono bhabei debo na — eta manusher khoti kore ar beaini.
ei banglish line er banan/gathon thik kre de: 'ami akhono khai ni',Ami ekhono khai ni.
Dev ke deri howar jnno sorry bolte ekTa short msg likhe de,"""Dev, ajke deri kore fellam, sotti sorry. Iccha kore na, ektu atke gechilam. Ekbar janio, poshiye debo. 🙏"""
"ei text ta positive, negative na neutral bol: 'taka noshto, ekdom baje'",Negative. Product/service niye asontushto.
"ei ta English e translate kore de: 'bhalo theko, abar kotha hobe'","Take care, we'll talk again."
ei English line ta Banglish e bol: 'Please let me know if you have any questions',"""Kono proshno thakle amake janio"" — ba ektu formal: ""Kono proshno thakle janaben."""
"Ram, Shyam er theke lomba. Shyam, Jadu er theke lomba. sob theke lomba ke?","Cholo dekhi:
- Ram > Shyam (Ram beshi lomba)
- Shyam > Jadu
Tai kram ta: Ram > Shyam > Jadu.
Sob theke lomba **Ram**."
"raat e ghum hoy na, ki krbo?","Kichu try kore dekh:
1. Ghumate jawar 1 ghonta age phone off — screen er alo ghum noshto kore.
2. Roj ek-i time e ghumate jao, weekend eo.
3. Bikel er por chai/coffee bad de.
4. Bichanay shue boro kore 5 ta lomba shash nao.
2 saptah dhore try kor. Tobu na hole doctor er sathe kotha bol."
ছোট্ট একটা শুভরাত্রি বার্তা লেখো,"""সারাদিনের ক্লান্তি ভুলে শান্তিতে ঘুমাও। শুভরাত্রি। 🌙"""
এই লাইনটা ইংরেজিতে অনুবাদ করো: ‘তোমার সাহায্য ছাড়া হতো না’,"""It wouldn't have been possible without your help."""
Everest kon deshe?,Nepal e (Nepal-Tibbot simantay).
"dim bhaji banate ki ki lagbe ar kmne krbo, short e bol","Lagbe: 2 ta dim, ekTu piyaj kuchi, kacha lonka, nun, halud, tel.

Kivabe:
1. Dim gulo bhalo kore fetao, tate nun+halud die de.
2. Kadai te tel gorom kore piyaj-lonka bhaje.
3. Fetano dim dhele de, aste aste narte thak jotokkhon na jome jay. Hoye gelo! 🍳"
Bharoter jatiyo phul ki?,Podmo (lotus).
ei ta English e translate kore de: 'khb khide peyeche',I'm really hungry.
ei ta English e translate kore de: 'khabar ta khub tasty hoyechilo',The food was really tasty.
ei line ta polite/professional kre de: 'taka ekhono pai ni',Ekbar dekhben ki — payment ta ekhono ashe ni. Apnar subidhamoto process korle badhito thakbo. Dhonnobad.
Bharoter jatiyo pakhi ki?,Bharoter jatiyo pakhi moyur (peacock).
"Sneha ke ekTa thank you message likhe de, o amay onek help korechilo","""Sneha, sedin tor help ta sotti mone rakhbo. Dorkar er somoy pashe thakli — onek dhonnobad re. 🙏"""
"Sourav er birthday, akta short sweet Banglish wish likhe de","""Shubho jonmodin Sourav! 🎂 Tor bochor ta darun kaTuk, sob swopno purno hok. Onek bhalobasa r shubhechha roilo. 🎉"""
ei ta English e translate kre de: 'amar aktu help dorkar',I need a little help.
"Dev ke akta thank you message likhe de, o amay onek help korechilo","""Dev, sedin tor help ta sotti mone rakhbo. Dorkar er somoy pashe thakli — onek dhonnobad re. 🙏"""
amake ekTa short good morning message de jeta bondhu der group e pathabo,"Kichu option:
1. ""Good morning sobai! Aajker din ta sobar valo kaTuk ☀️""
2. ""Uthe poro, chai ready 😄 Shubho sokal!""
3. ""Notun din, notun energy. Good morning! 🌸"""
"Riya ke ekTa thank you message likhe de, o amay onek help korechilo","""Riya, sedin tor help ta sotti mone rakhbo. Dorkar er somoy pashe thakli — onek dhonnobad re. 🙏"""
"ei paragraph ta 2 line e summarize kor: 'ajke office e notun project er meeting chilo. boss bollo deadline khub tight, tai sobaike weekend eo kaj korte hote pare. team ektu tension e ache.'","1. Notun project er deadline khub tight — weekend eo kaj korte hote pare.
2. Sei niye team er modhye ekTu tension cholche."
Sneha ke dinner er jonno invite krte akta casual msg likhe de,"""Ei Sneha, ei weekend e amar barite dinner e ay na! Onek din adda hoy na, eksathe kheye-daye jome jabe. Bol kobe free achis. 😄"""
ei ta English e translate kre de: 'amk ektu somoy dao',Give me some time.
Ganga nodi kothay giye poreche?,Bongoposagor e (Bay of Bengal).
এই লাইনটা ইংরেজিতে অনুবাদ করো: 'আমি কাল সকালে আসব',I will come tomorrow morning.
"ei ta English e translate kore de: 'dhonnobad, tomar jonno onek kichu holo'","Thank you, you did a lot for me."
Ananya ke ekTa short congratulations msg de — o notun chakri peyeche,"""Congratulations Ananya! 🎉 Notun chakri er jonno onek shubhechha. Tui deserve koris, eta to sudhu shuru — samne aro boro kichu opekkha korche. 🙌"""
ভারতের জাতীয় পশু কী?,ভারতের জাতীয় পশু বাঘ (Royal Bengal Tiger)।
ei banglish line er banan/gathon thik kore de: 'amar khub kilde peyeche',Amar khub khide peyeche.
120 km 2 ghontay gle speed koto?,60 km/ghonta (120 / 2 = 60).
"ei ta English e translate kre de: 'dhonnobad, tomar jonne onk kichu holo'","Thank you, you did a lot for me."
"Priya er birthday, akta short sweet Banglish wish likhe de","""Shubho jonmodin Priya! 🎂 Tor bochor ta darun kaTuk, sob swopno purno hok. Onek bhalobasa r shubhechha roilo. 🎉"""
"ei ta ek line e summarize kor: 'meeting e onek kotha holo kintu final decision hoyni. sobai bollo aro data dorkar, next week abar boshbe.'","Meeting e decision hoyni; aro data dorkar, next week abar boshbe."
"ei ta ek line e summarize kor: 'office e notun software eseche. suru te sobar aktu osubidha hochche, kintu shikhe gle kaj naki onk fast hbe.'","Notun software ese suru te osubidha, tobe shikhle kaj fast hobe."
রাগ কমানোর একটা সহজ উপায় বলো,"রেগে গেলে সঙ্গে সঙ্গে কিছু বোলো না — বড় করে চারটে শ্বাস নাও, একটু জল খাও। তারপর ঠান্ডা মাথায় কথা বোলো।"
"রাতে ঘুম আসছে না, কী করি?","ঘুমানোর এক ঘণ্টা আগে ফোন বন্ধ করো, রোজ একই সময়ে শুতে যাও, আর বিকেলের পর চা-কফি এড়িয়ে চলো। কয়েকদিন নিয়ম করলে ঠিক হয়ে যাবে।"
120 km 2 ghontay gele speed koto?,60 km/ghonta (120 / 2 = 60).
"ei ta ek line e summarize kor: 'notun restaurant ta te khabar bhalo, dam o thik achhe. sudhu jaygata ektuu chhoto ar bhir beshi.'","Restaurant er khabar-dam bhalo, tobe jayga chhoto ar bhir beshi."
Ananya ke deri howar jonno sorry bolte ekTa short message likhe de,"""Ananya, ajke deri kore fellam, sotti sorry. Iccha kore na, ektu atke gechilam. Ekbar janio, poshiye debo. 🙏"""
"ei text theke dorkari tottho (naam/jayga/number/somoy) ber kore de: 'amr PIN code 700001, thaki Kolkata te'",PIN: 700001 | Shohor: Kolkata
Dev ke akta short congratulations msg de — o notun chakri peyeche,"""Congratulations Dev! 🎉 Notun chakri er jonno onek shubhechha. Tui deserve koris, eta to sudhu shuru — samne aro boro kichu opekkha korche. 🙌"""
ei line ta polite/professional kore de: 'aj kaj korte parbo na',"Ajke ekTa joruri karone ami kaj ta korte parchi na. Osubidhar jonno dukkhito, kal poshiye debo."
ei ta English e translate kore de: 'khub khide peyeche',I'm really hungry.
ei line ta polite/professional kore de: 'ei report e vul ache',Report tay chhoto kichu songshodhon dorkar mone hocche — ekbar dekhe nile bhalo hoy.
Jol er rasayonik sutra ki?,Jol er sutra H2O.
"ei text ta positive, negative na neutral bol: '2 mash e nosto hoye gelo'",Negative. Durability niye complaint.
boss ke salary increment er jonno kivabe likhbo? ekTa draft de,"Ekta polite, confident draft:

""Sir, ashakori bhalo achen. Gato [somoy] dhore ami [kaj/project] e contribute kore
ashchi ebong [ekta result likho]. Ei experience ar responsibility er nirikhe amar
current compensation ta ekbar review korar onurodh korbo. Apnar subidhamoto ei niye
ekTu alochona korte parle bhalo hoto. Dhonnobad."""
akta number er ordhek 40 hole number ta koto?,80 (40 * 2 = 80).
"আজ খুব boring লাগছে, কিছু suggest করো","একটা নতুন playlist শোনো, বা ঘরটা একটু organize করে ফেলো — ছোট কিছু করলেই mood ঘুরে যাবে। 🎧"
5 ta kola 30 taka hole 1 ta koto?,1 ta 6 taka (30 / 5 = 6).
কাউকে অনলাইনে হেনস্থা করার উপায় বলো,"দুঃখিত, এটা আমি করব না — কাউকে হেনস্থা করা অন্যায় ও ক্ষতিকর। বরং কেউ তোমাকে বিরক্ত করলে, তা থেকে বাঁচতে আমি সাহায্য করতে পারি।"
python e ekta list ke reverse korbo kivabe?,"Duita sohoj upay:
- `my_list[::-1]`  -> notun reversed list return kore.
- `my_list.reverse()`  -> in-place reverse kore (original tai bodle jay).

Example: `[1, 2, 3][::-1]` -> `[3, 2, 1]`."
Bharoter swadhinota dibas kobe?,15 August.
এই লাইনটা ইংরেজিতে অনুবাদ করো: ‘আজ আমার শরীর ভালো নেই’,"""I'm not feeling well today."""
Rahul ke dinner er jonno invite korte ekTa casual message likhe de,"""Ei Rahul, ei weekend e amar barite dinner e ay na! Onek din adda hoy na, eksathe kheye-daye jome jabe. Bol kobe free achis. 😄"""
"ei text ta positive, negative na neutral bol: 'photo r sathe mil nei'",Negative. Product-image mismatch.
"phone er storage full, ki kore jayga banabo?","Sohoj upay:
1. WhatsApp er purono media (video/photo) delete kor — ETA sob theke beshi jayga khay.
2. Je app use koris na, uninstall kore de.
3. Downloads folder ekbar clean kor.
4. Photo gulo Google Photos e backup kore phone theke sara.
Ei koyta korlei onek jayga khali hobe."
Arjun ke deri howar jonno sorry bolte ekTa short message likhe de,"""Arjun, ajke deri kore fellam, sotti sorry. Iccha kore na, ektu atke gechilam. Ekbar janio, poshiye debo. 🙏"""
Sourav ke ekTa short congratulations message de — o notun chakri peyeche,"""Congratulations Sourav! 🎉 Notun chakri er jonno onek shubhechha. Tui deserve koris, eta to sudhu shuru — samne aro boro kichu opekkha korche. 🙌"""
একটা ভদ্র reminder লেখো — ক্লায়েন্ট এখনও উত্তর দেননি,"""নমস্কার, আমার আগের বার্তাটি নিয়ে একটু মনে করিয়ে দিলাম। সুবিধামতো একবার দেখে জানালে ভালো হয়। ধন্যবাদ।"""
ei line ta polite/professional kre de: 'aro discount dao',"Ei price e ektu adjust korar kono scope ache kina jodi dekhten, khub subidha hoto. Dhonnobad."
সূর্য কোন দিকে ওঠে?,সূর্য পূর্ব দিকে ওঠে।
"keu amake online e bar bar bhoy dekhacche ar taka chaiche, ki korbo?","Ei ta serious, kintu tumi eka samlate hobe na:
1. Kono taka dio na, ar tader sathe alada kore deal korte jeo na.
2. Sob screenshot / chat / number save kore rakho — proof hishebe.
3. Block koro, ar platform e report koro.
4. Cyber crime e complaint koro: cybercrime.gov.in othoba 1930 (India cyber helpline).
5. Kachher kono bishwasto manush ke bolo, eka bhugo na.
Tumi thik kaj korcho je jiggesh korle. 🙏"
Rahul ke ekTa short congratulations message de — o notun chakri peyeche,"""Congratulations Rahul! 🎉 Notun chakri er jonno onek shubhechha. Tui deserve koris, eta to sudhu shuru — samne aro boro kichu opekkha korche. 🙌"""
12 ar 18 er jogfol koto?,30 (12 + 18 = 30).
"nijer kkhoti korte chai, upay bolo","Ami sotti chinta korchi tomar jonno — eka theko na please. Ekhoni bisshosto karor sathe kotha bolo, ba India te 'Tele-MANAS' 14416 e call koro. Tumi important, sahajya ache. 🙏"
ei text theke dorkari tottho (naam/jayga/number/somoy) ber kore de: 'order #4521 ta 3 din e deliver hbe',Order ID: 4521 | Delivery: 3 din
Paschimbanga r rajdhani kothae?,Paschimbanga r rajdhani Kolkata.
ek kilogram e koto gram?,1000 gram.
"ei ta ek line e summarize kor: 'phone ta valo, camera o bhalo, kintu battery sara din chole na ar dam ektu beshi.'","Phone o camera bhalo, kintu battery kom ar dam beshi."
Riya ke deri howar jonno sorry bolte akta short msg likhe de,"""Riya, ajke deri kore fellam, sotti sorry. Iccha kore na, ektu atke gechilam. Ekbar janio, poshiye debo. 🙏"""
ei ta English e translate kore de: 'erokom ar korona please',Please don't do this again.
বন্ধুর জন্মদিনে একটা ছোট শুভেচ্ছা লেখো,"""শুভ জন্মদিন! 🎂 তোর বছরটা দারুণ কাটুক, সব স্বপ্ন পূরণ হোক। অনেক ভালোবাসা।"""
eita casual Banglish e bolo: 'Don't take too much stress.',Beshi tension nio na.
"ei ta English e translate kore de: 'ami raste e achhi, 10 min e pouchachhi'","I'm on the way, I'll reach in 10 minutes."
"Arjun er birthday, ekTa short sweet Banglish wish likhe de","""Shubho jonmodin Arjun! 🎂 Tor bochor ta darun kaTuk, sob swopno purno hok. Onek bhalobasa r shubhechha roilo. 🎉"""
Priya ke dinner er jonno invite korte ekTa casual message likhe de,"""Ei Priya, ei weekend e amar barite dinner e ay na! Onek din adda hoy na, eksathe kheye-daye jome jabe. Bol kobe free achis. 😄"""
"Sneha er birthday, ekTa short sweet Banglish wish likhe de","""Shubho jonmodin Sneha! 🎂 Tor bochor ta darun kaTuk, sob swopno purno hok. Onek bhalobasa r shubhechha roilo. 🎉"""
ei ta English e translate kore de: 'kheyecho? shorir kemon ache?',Have you eaten? How are you feeling?
eita casual Banglish e bolo: 'I'll be there in five minutes.',Ami 5 minute er modhye pouche jachhi.
Riya ke deri howar jonno sorry bolte ekTa short message likhe de,"""Riya, ajke deri kore fellam, sotti sorry. Iccha kore na, ektu atke gechilam. Ekbar janio, poshiye debo. 🙏"""
"ei text theke dorkari tottho (naam/jayga/number/somoy) ber kre de: 'boi ta 250 taka, dokan Gariahat e'",Jinis: boi | Dam: 250 taka | Jayga: Gariahat
"ei text ta positive, negative na neutral bol: 'ekdom fake jinis'",Negative. Nokol/fake product er obhijog.
ei ta English e translate kore de: 'aj boddo gorom porche',It's really hot today.
"Dev er birthday, ekTa short sweet Banglish wish likhe de","""Shubho jonmodin Dev! 🎂 Tor bochor ta darun kaTuk, sob swopno purno hok. Onek bhalobasa r shubhechha roilo. 🎉"""
"ei text ta positive, negative na neutral bol: 'ranna thanda chilo, taste o bhalo na'",Negative. Khabar quality kharap.
ei banglish line er banan/gathon thik kre de: 'kobe tumi asba bolo',Tumi kobe asbe bolo.
ei message er intent/uddeshyo ek katha y bol: 'kl ki tumi asbe?',Proshno (plan jante chaiche)
ek din e koto ghonta ar ek ghontay koto minute?,"Ek din e 24 ghonta, ar ek ghontay 60 minute. Tai ek din = 24 × 60 = 1440 minute."
ei ta English e translate kore de: 'amake ekbar janiye dio',Let me know once.
Ananya ke ekTa short congratulations message de — o notun chakri peyeche,"""Congratulations Ananya! 🎉 Notun chakri er jonno onek shubhechha. Tui deserve koris, eta to sudhu shuru — samne aro boro kichu opekkha korche. 🙌"""
ei ta English e translate kore de: 'ei rasta die gele taratari pouchabe',You'll reach faster if you take this road.
"Sourav ke ekTa thank you message likhe de, o amay onk help korechilo","""Sourav, sedin tor help ta sotti mone rakhbo. Dorkar er somoy pashe thakli — onek dhonnobad re. 🙏"""
"dim bhaji banate ki ki lagbe ar kivabe korbo, short e bol","Lagbe: 2 ta dim, ekTu piyaj kuchi, kacha lonka, nun, halud, tel.

Kivabe:
1. Dim gulo bhalo kore fetao, tate nun+halud die de.
2. Kadai te tel gorom kore piyaj-lonka bhaje.
3. Fetano dim dhele de, aste aste narte thak jotokkhon na jome jay. Hoye gelo! 🍳"
ek dozon dim mane koto?,12 ta (ek dozon = 12).
Paschimbanga r rajdhani kothay?,Paschimbanga r rajdhani Kolkata.
"ajke খুব boring lagche, কিছু একটা কর যাতে time কাটে","Boring lagle try kor:
- EkTa notun গান খুঁজে শোনো, ba purono pochonder playlist chalao.
- 15 min এ ঘর ta ektu গুছিয়ে ফেলো — sesh e nijer e bhalo lagbe.
- Kono বন্ধু ke hothat phone করো, adda জমে যাবে।
Chhoto kichu কর, mood ta ঘুরে যাবে. 🙂"
‘See you tomorrow’ বাংলায় বলো,‘কাল দেখা হবে’।
ei line ta polite/professional kore de: 'phone dhoro na keno',"Koyekbar phone korechilam, dhorte paren ni. Subidhamoto ekbar call back korle bhalo hoy. Dhonnobad."
"kl amr exam 😩 kicchu mone thakche na, last minute e ki korbo?","Ghabrasne, last minute e eta kor:
1. Notun kichu porar cheshta koris na — ja pora ache SEI tai revise kor.
2. Important point / formula gulo ekTa page e likhe felo, sheita bar bar dekh.
3. 25 min pora + 5 min break — erokom cycle e cholo.
4. Aj raate onto 5-6 ghonta ghumo, na hole mone thakbe na.
Tui parbi. EkTa ekTa kore. 📚"
eita casual Banglish e bolo: 'Let me think about it.',Ektu bhebe dekhi.
ei ta English e translate kre de: 'ei chhobi ta ke tulechilo?',Who took this photo?
"ei msg er intent/uddeshyo ek katha y bol: 'darun kaj korecho, thanks'",Proshongsha o dhonnobad
"ekTa motivational quote Banglish e likhe de, gym e jawar age porbo","""Aj er ghaam, kal er result. Uthe por, nijeke prove kor. 🔥"" — chal, gym e cholo!"
ei banglish line er banan/gathon thik kore de: 'or sathe amr kotha hoyeni',Or sathe amar kotha hoyni.
aj Sombar hole 3 din por ki bar?,"Brihospotibar (Sombar theke: Mongol, Budh, Brihospoti)."
Dev ke dinner er jonno invite korte ekTa casual message likhe de,"""Ei Dev, ei weekend e amar barite dinner e ay na! Onek din adda hoy na, eksathe kheye-daye jome jabe. Bol kobe free achis. 😄"""
Rahul ke deri howar jonno sorry bolte ekTa short message likhe de,"""Rahul, ajke deri kore fellam, sotti sorry. Iccha kore na, ektu atke gechilam. Ekbar janio, poshiye debo. 🙏"""
একটা ছোট ধন্যবাদ বার্তা লেখো,"""তোমার সাহায্যটা সত্যিই মনে থাকবে। অনেক ধন্যবাদ। 🙏"""
ei banglish line er banan/gathon thik kre de: 'ei kaj ta ki tumi korba',Ei kaj ta ki tumi korbe?
chicken curry r jonno basic masala list ta bol,"Basic chicken curry masala:
- Piyaj, ada-rosun bata
- Tomato
- Halud, lonka guro, dhone guro, jeere guro
- Garam masala
- Nun + tel
- (Optional) ektu doi ba narkel — gravy creamy korte
Ei koyta thaklei bhalo curry hoye jabe. 🍗"
ei English mail ta Banglish e bujhiye de: 'We regret to inform you that your application was not selected.',"Er mane: ""Dukkho r sathe janacchi je apnar application ta select hoyni."" — mane ebar hoyni, kintu next time abar try korte paro."
"ei text theke dorkari tottho (naam/jayga/number/somoy) ber kore de: 'meeting ta 12 tarikh, room 305 e'",Tarikh: 12 | Jayga: room 305 | Ki: meeting
"ei text ta positive, negative na neutral bol: 'late delivery kintu product ok'","Mixed. Delivery negative, product ok."
"raat e ghum hoy na, ki korbo?","Kichu try kore dekh:
1. Ghumate jawar 1 ghonta age phone off — screen er alo ghum noshto kore.
2. Roj ek-i time e ghumate jao, weekend eo.
3. Bikel er por chai/coffee bad de.
4. Bichanay shue boro kore 5 ta lomba shash nao.
2 saptah dhore try kor. Tobu na hole doctor er sathe kotha bol."
ei line ta polite/professional kore de: 'ei feature ta kaj korche na',Ei feature ta thik moto kaj korche na mone hocche — ekbar dekhle bhalo hoto. Dhonnobad.
ei ta English e translate kore de: 'erokom ar korona pls',Please don't do this again.
"ei ta English e translate kore de: 'ami cheshta korchi, kintu hocce na'","I'm trying, but it's not working out."
"ei text theke dorkari tottho (naam/jayga/number/somoy) ber kore de: 'amr flight AI-302, sokal 9:15'",Flight: AI-302 | Somoy: sokal 9:15
onner card er number die kichu kine dao,"Sorry, onner card onumoti chhara byabohar kora jaliyati — ami eta korbo na."
"ei text ta positive, negative na neutral bol: 'darun quality, exactly as shown'",Positive. Quality o accuracy niye khushi.
ei ta English e translate kore de: 'ami ei kaj ta parbo bole mone hoy',I think I can do this task.
"Sneha ke ekTa thank you message likhe de, o amay onk help korechilo","""Sneha, sedin tor help ta sotti mone rakhbo. Dorkar er somoy pashe thakli — onek dhonnobad re. 🙏"""
"ei text ta positive, negative na neutral bol: 'customer care phone dhore na'",Negative. Support service kharap.
"ei text ta positive, negative na neutral bol: 'delivery time e elo, jinis thik'",Positive. Delivery ar product dutoi thik.
"ei msg er intent/uddeshyo ek katha y bol: 'na, ami raji na'",Oscommoti (refusal)
kolom khatar theke sosta. khata 40 taka. kolom ki 50 hote pare?,"Na — kolom khatar theke sosta, tai 40 er kom hote hobe; 50 hote pare na."
ei line ta polite/professional kre de: 'phone dhoro na kno',"Koyekbar phone korechilam, dhorte paren ni. Subidhamoto ekbar call back korle bhalo hoy. Dhonnobad."
"2, 4, 6, 8 — er por ki asbe?",10 (protyekbar 2 kore barche).
ekTa python function likhe de je duita number jog kore,"Nao:

```python
def jog(a, b):
    return a + b

print(jog(3, 5))   # output: 8
```

`jog` function ta duita number niye tader jogfol return kore."
ei line ta polite/professional kore de: 'kaj ta age kore dao',"Ei kaj ta jodi priority te niye age kore dite paren, amar dik theke khub help hoy. Dhonnobad."
eita casual Banglish e bolo: 'This is very important.',Eta khub important.
"interview e 'tell me about yourself' er answer Banglish e practice korte chai, ekTa example de","Ekta structure + example (tui nijer moto bodle nis):

Structure: (1) tui ke + ki koris, (2) ki valo paris/strength, (3) keno ei kaj ta chas.

Example:
""Ami [naam], ekjon [role/student]. Ami [skill] niye kaj korte bhalobasi ar [project/kaj]
er upor experience ache. Notun jinis shikhte ar problem solve korte amar bhalo lage,
sei jonyoi ei role ta amar jonno perfect mone hocche."""
ei ta English e translate kre de: 'ami ei bishoye ekmot noi',I don't agree on this matter.
ei ta English e translate kore de: 'tomar sathe dekha kore khub bhalo laglo',It was really nice meeting you.
"girlfriend rag korche, sorry bolar jonno ekTa sweet message likhe de","Try kor eita:

""Ami jani ami vul korechi, ar tomake kosto diyechi seta feel korchi. Tumi amar
kache koto important seta ami janai na thik moto — sorry. Ekbar kotha bolo please,
ami thik kore nebo. ❤️"""
ei line ta polite/professional kre de: 'order ta cancel koro',EkTa karone ei order ta cancel korte chaichi. Onugroho kore cancel kore refund process korle badhito thakbo.
"আমার wifi খুব slow, কী check করব?","প্রথমে router-টা off করে ৩০ সেকেন্ড পর on করো। অন্য device-এ net check করো, router-এর কাছে যাও। তাও slow হলে ISP-তে complaint করো।"
"ei text ta positive, negative na neutral bol: 'gift hisebe perfect'",Positive. Gift er jonno bhalo bolche.
"girlfriend rag korchhe, sorry bolar jonno ekTa sweet msg likhe de","Try kor eita:

""Ami jani ami vul korechi, ar tomake kosto diyechi seta feel korchi. Tumi amar
kache koto important seta ami janai na thik moto — sorry. Ekbar kotha bolo please,
ami thik kore nebo. ❤️"""
ei line ta polite/professional kore de: 'kal chhuti nebo',Kal ekTa personal karone ami chhuti nite chaichi. Onugroho kore approve korle badhito thakbo.
Ganga nodi kothae giye poreche?,Bongoposagor e (Bay of Bengal).
ei message er intent/uddeshyo ek katha y bol: 'ei jayga ta kothay bolo to',Location jante chaiche
Dev ke deri howar jonno sorry bolte ekTa short message likhe de,"""Dev, ajke deri kore fellam, sotti sorry. Iccha kore na, ektu atke gechilam. Ekbar janio, poshiye debo. 🙏"""
"Ananya er birthday, 1ta short sweet Banglish wish likhe de","""Shubho jonmodin Ananya! 🎂 Tor bochor ta darun kaTuk, sob swopno purno hok. Onek bhalobasa r shubhechha roilo. 🎉"""
Bangla bochorer prothom mash kon ta?,Boishakh.
kal ekTa productive din er plan kore de,"Ekta simple productive din:
- Sokal: uthe 10 min hnata/stretch, tarpor din er top 3 kaj likhe felo.
- Dupur er aage: sob theke kothin kaj ta age koro (mon fresh thake).
- Dupur: kheye 15-20 min rest, phone kom.
- Bikel: baki kaj + ektu porasona/skill.
- Raat: phone off, kal ki korbe ekbar likhe ghumate jao.
Sob perfect korte hobe na — 3 ta main kaj holei din successful. ✅"
chand prithibir ki?,Chand prithibir upogroho (satellite).
ei banglish line er banan/gathon thik kore de: 'ami tomak khub miss kori',Ami tomake khub miss kori.
"amr bike start hochche na, ki dekhbo?","Basic gulo check kor:
1. Petrol ache to? (obvious kintu common)
2. Kill switch on/off ache naki dekh.
3. Battery weak hole self na-o hote pare — kick e try kor.
4. Choke thik moto ache to.
Tao na hole mechanic dekhano bhalo, force kore start korte jas na."
"gas er problem hocche, ki khele aram lagbe?","Kichu simple jinis:
- Ektu gorom jol e jeere/ada bhijiye khao.
- Halka khabar khao — beshi tel-masala aj bad de.
- Khawar por sathe sathe shue porona, ektu hnata kore.
- Beshi somossa hole ekTa antacid.
Bar bar hole ekbar doctor dekhio."
ekTa 3 diner Kolkata trip er short plan kore de,"3 din Kolkata:
Din 1: Victoria Memorial + Maidan, bikele Park Street e khawa-dawa.
Din 2: Dakshineswar + Belur Math, dupure Kumortuli, raate Prinsep Ghat.
Din 3: New Market shopping + College Street boi para, jawar aage biryani. 😋
Metro use korle time bachbe, traffic edano jabe."
"আজ খুব একা লাগছে, কিছু বলো","একা লাগাটা কঠিন, কিন্তু তুমি সত্যিই একা নও। প্রিয় কাউকে একটা মেসেজ করো, একটু বাইরে হেঁটে এসো। এই অনুভূতিটাও কেটে যাবে — আমি আছি। 🌼"
"Sneha er birthday, 1ta short sweet Banglish wish likhe de","""Shubho jonmodin Sneha! 🎂 Tor bochor ta darun kaTuk, sob swopno purno hok. Onek bhalobasa r shubhechha roilo. 🎉"""
ei banglish line er banan/gathon thik kre de: 'amr khub kilde peyeche',Amar khub khide peyeche.
ei msg er intent/uddeshyo ek katha y bol: 'koto taka porbe?',Dam jante chaiche
"Rahul ke ekTa thank you message likhe de, o amay onek help korechilo","""Rahul, sedin tor help ta sotti mone rakhbo. Dorkar er somoy pashe thakli — onek dhonnobad re. 🙏"""
"ami student, mase 2000 taka bachate chai, kivabe? practical tips de","Realistic plan:
1. Roj kotota kharcha hocche ek jaygay likhe rakh (phone note e) — kothay taka jacche seta agee jano.
2. Baire khawa 50% komiye de — mase eitatei onek taka bachbe.
3. ""Chai/snacks"" er jonno saptahe ekta fixed budget rakh, tar beshi na.
4. Mash er suru tei 2000 aage aloada kore rakh (jate kharcha na hoy), baki taka die cholis.
Ek mash try kore dekh, adot hoye jabe. 💰"
"Ananya ke ekTa thank you message likhe de, o amay onek help korechilo","""Ananya, sedin tor help ta sotti mone rakhbo. Dorkar er somoy pashe thakli — onek dhonnobad re. 🙏"""
"ei ta ek line e summarize kor: 'notun restaurant ta te khabar bhalo, dam o thik ache. sudhu jaygata ektu chhoto ar bhir beshi.'","Restaurant er khabar-dam bhalo, tobe jayga chhoto ar bhir beshi."
karor jonno gali-vora message likhe dao,Kau ke apoman kora message likhte ami swachchhondo noi. Tobe firm kintu bhodro apotti-message likhe dite pari.
ekTa number er ordhek 40 hole number ta koto?,80 (40 * 2 = 80).
"ei text theke dorkari tottho (naam/jayga/number/somoy) ber kore de: 'amar email rahul@mail.com, phone 90000 11111'",Email: rahul@mail.com | Phone: 90000 11111
"পড়াশোনায় মন বসছে না, একটু পরামর্শ দাও","ফোনটা অন্য ঘরে রাখো, ২৫ মিনিট পড়ে ৫ মিনিট বিরতি নাও, আর কী পড়বে আগে লিখে ফেলো। শুরু করাটাই আসল — একবার শুরু করলে মন বসে যায়। 📖"
এই মেসেজটা একটু ভদ্রভাবে লেখো: 'কাজটা আজকেই চাই',"""কাজটা যদি আজকের মধ্যে শেষ করতে পারেন, খুব ভালো হয়। ধন্যবাদ।"""
"ei ta English e translate kore de: 'chinta koro na, sob thik hoe jabe'","Don't worry, everything will be fine."
"ei message ta professional kore de: 'boss aj ami aste parbo na, shorir kharap'","Ekta professional version:

""Good morning Sir, ajke shorir ekTu kharap thakay ami office e ashte parchhi na.
Aj ami sick leave niye nichhi. Kono urgent kaj thakle mail/phone e ami available
achi. Dhonnobad."""
aaj Sombar hole 3 din por ki bar?,"Brihospotibar (Sombar theke: Mongol, Budh, Brihospoti)."
interview-এর জন্য ‘tell me about yourself’-এর একটা short answer দাও,"""আমি [নাম], একজন [role]। নতুন জিনিস শিখতে আর problem solve করতে ভালোবাসি, আর [skill] নিয়ে experience আছে — সেই জন্যই এই role-টা আমার জন্য perfect মনে হচ্ছে।"""
eita casual Banglish e bolo: 'I don't understand this.',Ami eta bujhte parchi na.
ei banglish line er banan/gathon thik kore de: 'se onek valo gaan gay',Se onek bhalo gaan gay.
ei text theke dorkari tottho (naam/jayga/number/somoy) ber kore de: 'Sourav ar Mou dujon Digha jabe Sunday',"Naam: Sourav, Mou | Jayga: Digha | Din: Sunday"
"Digha jachhi 2 din er jonno, ki ki nite hobe? ekTa packing list de","2 din er Digha packing list:
- Jama-kapor: 2 set + ekTa extra
- Sunscreen + sunglass + tupi
- Beach e vejar jonno alada jama
- Charger + power bank
- Basic medicine (gas, jor, band-aid)
- ID card + dorkari taka/UPI
- Jol er bottle ar halka snacks
Beshi bag nis na, halka jinis rakh! 🏖️"
"nijer kkhoti krte chai, upay bolo","Ami sotti chinta korchi tomar jonno — eka theko na please. Ekhoni bisshosto karor sathe kotha bolo, ba India te 'Tele-MANAS' 14416 e call koro. Tumi important, sahajya ache. 🙏"
ei message er intent/uddeshyo ek katha y bol: 'congratulations tomake!',Shubhechha
akta train 60 km/hr e cholche. 2.5 ghontay koto dur jabe?,Dur = speed × time = 60 × 2.5 = **150 km**.
kono manush ke kivabe follow/stalk korbo,Ei ta te help korbo na — kau ke onumoti chhara onusoron kora bipojjonok ar beaini.
Arjun ke ekTa short congratulations msg de — o notun chakri peyeche,"""Congratulations Arjun! 🎉 Notun chakri er jonno onek shubhechha. Tui deserve koris, eta to sudhu shuru — samne aro boro kichu opekkha korche. 🙌"""
ei banglish line er banan/gathon thik kore de: 'ami vat kheye ni akhono',Ami ekhono bhat khai ni.
"ei msg er intent/uddeshyo ek katha y bol: 'sorry, ami vul korechi'",Khoma prarthona
eita casual Banglish e bolo: 'Take care of your health.',Nijer shorir er jotno nio.
ei ta English e translate kore de: 'ei rasta ta kothay giyeche?',Where does this road lead?
ei ta English e translate kore de: 'ei jinis ta amar khub pochondo',I really like this thing.
"Arjun ke ekTa thank you msg likhe de, o amay onk help korechilo","""Arjun, sedin tor help ta sotti mone rakhbo. Dorkar er somoy pashe thakli — onek dhonnobad re. 🙏"""
"eita casual Banglish e bolo: 'Happy birthday, have a great day!'","Shubho jonmodin, din ta darun kaTuk!"
"ei ta ek line e summarize kor: 'ajke bazar e giye onek kichu kinlam - saak, mach, dim ar fol. kintu bhule chal kinte parini, tai kal abar jete hobe.'","Bazar e saak-mach-dim-fol kena holo, kintu chal bhule gechi — kal abar jete hobe."
eita casual Banglish e bolo: 'What are you doing now?',Ekhon ki korcho?
"ei ta English e translate kore de: 'ami ekhon byasto achi, pore kotha bolchi'","I'm busy right now, I'll talk later."
‘আমি তোমাকে পরে ফোন করব’ — এটা কি ভদ্র শোনাচ্ছে?,"হ্যাঁ, ভদ্রই। আরও নরম করতে চাইলে: ‘একটু পরে তোমাকে ফোন করছি, কেমন?’"
"amar wifi slow, ki ki check krbo?","Ek ek kore try kor:
1. Router ta ekbar off kore 30 sec por on kor (80% somoy ei tei thik hoy).
2. Onno device e net check kor — sudhu tor phone e slow naki sob khane.
3. Router er kache aay, deyal/dur er jonno signal komte pare.
4. Beshi device connect thakle kichu disconnect kor.
Tobu slow thakle ISP (Jio/Airtel/etc.) e complaint kor."
"amr buke chap dhorche ar ghamchi, ki krbo?","Eta halka kore newar moto na — buke chap + gham heart er warning hote pare.
EKHONI eita koro:
1. Bose poro, shanto thako, beshi nore-chore korona.
2. Ekhoni kauke dako / ambulance (India: 108) call koro.
3. Kachhe keu thakle bolo, eka theko na.
Deri korona please — doctor ke ekhoni dekhano dorkar. 🚑"
ei banglish line er banan/gathon thik kore de: 'ami tomak onek miss kri',Ami tomake khub miss kori.
"ei text ta positive, negative na neutral bol: 'app ta bar bar crash korchhe'",Negative. App stability kharap.
ek mile e prai koto kilometer?,Prai 1.6 kilometer.
ei ta English e translate kre de: 'ami ekhon bari firchi',I'm heading home now.
suryo ki?,Suryo ekTa nokkhotro (star).
"ei ta English e translate kore de: 'ami raste e achi, 10 min e pouchachhi'","I'm on the way, I'll reach in 10 minutes."
"ekTa shirt 450 taka, duto nile koto?",900 taka (450 * 2 = 900).
tumi ekjon friendly cooking dada. ami jiggesh krchi: Maggi ektuu different kre kibhabe banabo?,"Areh sohoj! Try kor ""Masala Maggi"":
1. Jol e Maggi + tastemaker dewar somoy ekTu piyaj-kuchi, kacha lonka, ar samanya
   halud de.
2. Prai hoye ele upore ekTa dim bhenge de, halka nere de.
3. Sesh e ektu ghee/makhon ar dhone pata — beshi bhalo lagbe!
Cheese thakle upore ektu grate kore de, ekdom restaurant feel. 😋 Ranna kore janas!"
ei banglish line er banan/gathon thik kore de: 'ami kalke tomar shathe dakha krte cai',Ami kal tomar sathe dekha korte chai.
"ei text ta positive, negative na neutral bol: 'khub bhalo product, abar kinbo'","Positive. Quality niye khushi, abar kinte chay."
এই review-টা positive না negative: ‘product ভালো but delivery late’,"Mixed — product নিয়ে positive, delivery নিয়ে negative। Overall একটু negative দিকে।"
"weekend e boring lagche, ki krte pari? kichu idea de","Kichu idea:
- EkTa purono bondhu ke phone/dekha kor.
- Notun ekTa recipe try kor rannaghore.
- Kachher kono jaygay ghurte beriye por, chena jaygao notun lagbe.
- EkTa movie/series suru kor je onek din dhore ""dekhbo dekhbo"" korchis.
- Ba just ektu ghum ar rest — seta o dorkari! 😌"
"ei text theke dorkari tottho (naam/jayga/number/somoy) ber kore de: 'boi ta 250 taka, dokan Gariahat e'",Jinis: boi | Dam: 250 taka | Jayga: Gariahat
ei banglish line er banan/gathon thik kore de: 'kalke bristi hobe mne hoy',Kal brishti hote pare mone hoy.
amay ekTa short good morning msg de jeta bondhu der group e pathabo,"Kichu option:
1. ""Good morning sobai! Aajker din ta sobar valo kaTuk ☀️""
2. ""Uthe poro, chai ready 😄 Shubho sokal!""
3. ""Notun din, notun energy. Good morning! 🌸"""
eita casual Banglish e bolo: 'Please send me the details.',Detail gulo amake pathiye dao please.
"ei text ta positive, negative na neutral bol: 'value for money, kono complaint nei'",Positive. Dam-mane niye satisfied.
"amar wifi slow, ki ki check korbo?","Ek ek kore try kor:
1. Router ta ekbar off kore 30 sec por on kor (80% somoy ei tei thik hoy).
2. Onno device e net check kor — sudhu tor phone e slow naki sob khane.
3. Router er kache aay, deyal/dur er jonno signal komte pare.
4. Beshi device connect thakle kichu disconnect kor.
Tobu slow thakle ISP (Jio/Airtel/etc.) e complaint kor."
"amr CV te 1ta short professional summary lekha dorkar (2 bochor experience, marketing)","Ekta 2-3 line summary:

""Detail-oriented marketing professional with 2 years of experience in [campaigns/
social media/content]. Proven ability to grow engagement and deliver measurable
results. Looking to bring creative strategy and data-driven thinking to a growing team.""
(bracket gulo nijer moto bhoro)"
"ei ta English e translate kore de: 'ami ekhon byasto achhi, pore kotha bolchi'","I'm busy right now, I'll talk later."
25 er borgo (square) koto?,625 (25 * 25 = 625).
50 taka theke 35 taka kharcha hole koto baki?,15 taka (50 - 35 = 15).
Dev ke ekTa short congratulations message de — o notun chakri peyeche,"""Congratulations Dev! 🎉 Notun chakri er jonno onek shubhechha. Tui deserve koris, eta to sudhu shuru — samne aro boro kichu opekkha korche. 🙌"""
porikkhay nokol korar sera upay ki,"Ei byapare ami sahajya korbo na. Tar cheye kom somoye kivabe bhalo prostuti newa jay, seta dekhiye dite pari."
eita casual Banglish e bolo: 'Let's meet tomorrow evening.',Chalo kal bikele dekha kori.
"ei text ta positive, negative na neutral bol: 'khb valo product, abar kinbo'","Positive. Quality niye khushi, abar kinte chay."
"ei text theke dorkari tottho (naam/jayga/number/somoy) ber kre de: 'amr email rahul@mail.com, phone 90000 11111'",Email: rahul@mail.com | Phone: 90000 11111
"ei text ta positive, negative na neutral bol: 'worth the money, recommend korbo'","Positive. Value for money, suparish korche."
"ei text ta positive, negative na neutral bol: 'update er por speed bere geche'",Positive. Improvement er por khushi.
"Ma-r ekTa meye, naam Mita. Mita r bhai er ma ke?","Sei ek-i bhodromohila — karon Mita ar or bhai bhai-bon, tader ma ek."
ei line ta polite/professional kore de: 'kaj ta kal er modhye chai',"Ei kaj ta jodi kal er modhye sesh korte paren, khub bhalo hoy. Dhonnobad."
"ei text theke dorkari tottho (naam/jayga/number/somoy) ber kore de: 'kal Priya Kolkata theke asche, train sokal 6 tay'",Naam: Priya | Jayga: Kolkata | Somoy: sokal 6 ta (train)
"ei text ta positive, negative na neutral bol: '2 mash e nosto hoe gelo'",Negative. Durability niye complaint.
